Month,Special Category Visa (subclass 444)(f),Permanent Family Visas,Permanent Skilled Visas,Permanent Other Visas,Permanent Visas - Total,Temporary Student Visas - Higher Educ.,Temporary Student Visas - Vocational Educ. & Training,Temporary Student Visas - Schools,Temporary Student Visas - Independent ELICOS(g),Temporary Student Visas - Postgraduate Research,Temporary Student Visas - Other Students,Temporary Student Visas - Total,Temporary Visitor Visas,Temporary Skilled Visas,Temporary Work Visas,Temporary Other Visas,Temporary Other Visas - Total,Other Visas(h),Total(i),State
Jan-2014,161660,30600,67060,51420,149080,26120,8310,6830,3150,3810,4350,52570,365370,51270,27160,22870,101300,1160,1744890,NSW
Feb-2014,118760,22720,45050,35490,103260,85320,7800,6070,2700,4010,9560,115470,418930,23520,24310,21670,69490,1140,1339050,VIC
Mar-2014,136160,21750,33480,29200,84430,32260,4920,370,2870,2190,1650,44260,407140,23680,23260,19000,65940,1490,1280150,QL
Apr-2014,149310,22740,38090,35050,95880,12320,4880,2580,2230,1640,2870,26520,333430,29110,19140,16560,64810,2050,1331230,TAS
May-2014,132300,20960,33830,34120,88910,9450,4100,250,2110,1700,1550,19160,304720,23220,19000,14470,56690,1290,1187550,NSW
Jun-2014,126040,19680,31790,34790,86260,14260,4110,440,1940,2000,2630,25380,289690,24380,18440,13790,56620,1490,1179420,NSW
Jul-2014,149800,19820,38920,40460,99200,59270,6310,7760,1940,2510,10650,88440,350720,30470,17520,15070,63060,2290,1594110,NSW
Aug-2014,143070,22390,35260,35660,93320,23010,4230,850,3370,2800,2240,36510,345020,28040,22680,15160,65870,1830,1362450,NSW
Sep-2014,146520,21290,33730,37640,92660,12340,4410,620,3020,2240,1470,24090,322810,25550,31560,16620,73740,1870,1381030,NSW
Oct-2014,166890,21540,36700,42870,101110,16920,5380,3180,2420,1900,2550,32360,360700,25280,30030,20400,75710,2670,1574500,NSW
Nov-2014,136990,20590,30520,33780,84890,13030,3890,300,2410,1630,1880,23130,425790,21800,24770,19410,65990,1710,1342800,NSW
Dec-2014,147830,18760,29100,31080,78940,13710,3790,390,1820,1650,3070,24430,585480,18890,19950,15860,54690,810,1455550,NSW
Jan-2015,162350,32830,70340,56240,159400,31720,10030,10600,3470,4070,4520,64400,340450,46570,26540,25540,98650,1300,1780350,NSW
Feb-2015,118010,20460,41020,32770,94250,81870,6080,3530,2850,3160,10110,107610,507990,20570,21350,20910,62830,1530,1415950,NSW
Mar-2015,143300,24000,39240,33760,97000,41070,6040,440,3360,2660,1520,55090,460600,23000,24710,22630,70340,1000,1388160,NSW
Apr-2015,151340,23240,41440,39220,103900,14320,6040,3120,2980,1960,3350,31780,348390,26550,19930,17170,63650,2570,1365370,NSW
May-2015,135110,21470,34860,34150,90480,9130,4670,250,2210,1690,1390,19340,312650,22400,18950,16000,57350,1570,1215090,NSW
Jun-2015,134030,21290,34120,35540,90950,13760,5350,510,2420,2030,2300,26360,305920,22890,18120,15110,56130,3110,1233570,NSW
Jul-2015,160580,20690,41730,42120,104540,68560,8000,10250,2460,3030,10970,103270,362950,27850,17370,18410,63630,2920,1646140,NSW
Aug-2015,148910,23740,38140,37640,99520,20660,4920,780,3260,2600,2310,34530,373910,25810,21100,16980,63890,1370,1419480,NSW
Sep-2015,152400,21690,35140,39680,96510,13230,5350,690,3220,1860,2430,26770,362660,24020,30170,17900,72090,1670,1456880,NSW
Oct-2015,169470,22420,38750,45710,106880,19550,6550,3350,2970,2120,2730,37260,395350,23390,28760,20790,72940,2540,1650380,NSW
Nov-2015,140870,20930,33780,35250,89960,14460,4600,370,2430,2050,2240,26140,478090,20480,24540,19120,64140,2020,1424700,NSW
Dec-2015,151680,20770,31620,32150,84550,15300,4450,510,2140,1740,2780,26920,662250,18680,19510,16230,54420,940,1584200,NSW
Jan-2016,169140,32660,75710,60460,168830,33460,12420,13150,3160,4450,4000,70650,397850,41450,26270,28350,96070,1100,1908270,NSW
Feb-2016,119770,25010,45500,37350,107860,109890,8660,3350,3170,3840,10370,139260,551730,20920,23540,24930,69400,1320,1560130,NSW
Mar-2016,144630,23820,37040,36200,97070,34270,5940,440,3500,2120,1290,47560,539750,20940,21960,22790,65690,1620,1479930,NSW
Apr-2016,153260,23500,42940,42400,108840,15050,7020,3510,3130,2030,3270,34020,406580,22540,19700,19120,61350,2360,1473700,NSW
May-2016,136710,22800,35730,38290,96820,9890,5400,620,2690,1590,1480,21670,363640,20940,18270,17700,56910,1260,1304820,NSW
Jun-2016,138850,21850,35280,38460,95590,16110,6140,450,3050,1830,2420,30000,363050,20580,18460,17310,56340,1430,1326820,NSW
Jul-2016,166700,22590,44960,49020,116570,85450,9330,11450,2690,3270,10600,122790,431180,26510,16570,20660,63740,2740,1829100,NSW
Aug-2016,149040,24270,39670,41430,105370,19870,6040,870,3660,2370,1400,34210,429620,23910,21930,18600,64450,1230,1511510,NSW
Sep-2016,165160,22400,38630,44900,105940,16610,7590,1190,4160,2360,2120,34020,419110,23290,30350,19500,73130,2660,1587330,NSW
Oct-2016,175180,23450,41650,52610,117710,21560,7690,3800,3350,2110,2740,41240,460310,24920,27450,22230,74590,3330,1778870,NSW
Nov-2016,143870,21390,35790,40050,97230,16740,5760,390,3280,1770,1790,29720,526560,19830,25330,21050,66220,1040,1512920,NSW
Dec-2016,160770,21020,33790,37190,92010,18230,5460,600,2450,1930,2950,31610,730970,16870,18930,17910,53720,1390,1716250,NSW
Jan-2017,172010,31170,79350,65910,176430,35550,13530,13190,3880,4140,3640,73920,499560,39100,24640,30250,93980,1390,2066340,NSW
Feb-2017,126120,27980,52210,46600,126780,129960,11400,5710,3790,4260,10200,165310,517250,20960,24040,27530,72540,1700,1631360,NSW
Mar-2017,148260,22240,36910,37550,96700,37930,7080,430,4340,2090,1610,53490,552590,18010,24280,23750,66040,1890,1522680,NSW
Apr-2017,162290,24560,48740,49580,122880,19860,9080,4190,3920,2030,4020,43100,480830,24200,17730,22020,63950,3370,1649770,NSW
May-2017,139820,23390,38680,42360,104440,11350,6610,610,2870,2060,1540,25030,395770,20210,18620,20560,59390,1800,1401070,NSW
Jun-2017,141130,23220,36790,42540,102550,18960,7320,520,3490,2000,2780,35060,404730,22270,19030,20510,61800,1190,1421130,NSW
Jul-2017,170130,22600,46620,51410,120630,100110,9990,12610,3170,3240,9620,138730,445170,24820,16030,21890,62740,5850,1909100,NSW
Aug-2017,152190,23570,38350,44130,106060,23710,6970,870,4350,2360,1620,39870,489410,22310,21290,20590,64200,2270,1623620,NSW
Sep-2017,158030,22990,39750,47420,110150,17570,7540,750,4060,2380,2700,34990,441890,21050,29550,23720,74320,2610,1666150,NSW
Oct-2017,180140,24070,46470,55270,125810,24930,8980,4870,3540,2270,2060,46650,496220,21240,26930,27290,75450,2080,1879610,NSW
Nov-2017,148330,21890,37230,42220,101330,18560,6330,300,3190,1670,2030,32090,571280,17990,24140,24760,66900,1460,1602190,NSW
Dec-2017,156020,20810,35740,37750,94300,20960,6040,630,2300,2050,2380,34360,768550,16250,18530,20490,55280,1400,1755130,NSW
Jan-2018,172700,33250,84020,74900,192170,44770,15890,16380,4060,4710,4360,90170,465060,36960,24940,39650,101550,1260,2130700,NSW
Feb-2018,123430,23320,46780,43920,114020,131490,10540,4110,3450,3640,10460,163680,650080,18080,21200,30920,70210,1760,1729160,NSW
Mar-2018,151770,26720,40260,44120,111110,48280,9520,590,3920,2760,1150,66210,622610,18780,24190,36920,79890,1930,1682320,NSW
Apr-2018,155240,25470,50500,52520,128490,24970,10890,4870,3420,2250,4130,50530,457780,23640,20020,31960,75620,2810,1668310,NSW
May-2018,141520,23000,38760,47580,109350,13710,8980,580,3000,2080,1440,29800,421100,18600,19360,23850,61810,1590,1480380,NSW
Jun-2018,144650,21090,39170,46570,106830,24060,8890,570,2970,2390,2630,41500,444270,18720,19010,23800,61540,950,1513000,NSW
Jul-2018,169220,21990,50710,53550,126250,117060,12780,12380,2820,3770,9740,158550,471640,22290,15520,25650,63460,2690,2009860,NSW
Aug-2018,159910,24620,40970,49510,115100,26040,8920,650,4060,2610,1570,43850,520990,21640,21180,24720,67540,1350,1718580,NSW
Sep-2018,163060,24600,41980,51680,118260,20910,9710,580,4390,2790,2150,40520,461270,22110,27460,27780,77350,2300,1721970,NSW
Oct-2018,180610,24650,44390,63350,132390,25530,10590,5170,3560,2460,1760,49080,507260,21070,26800,31650,79520,2710,1963730,NSW
Nov-2018,151580,21900,36170,47470,105540,22290,6930,430,3290,2120,1660,36730,592760,17460,24320,27440,69220,1700,1667980,NSW
Dec-2018,158990,20520,33800,43400,97720,23660,7040,530,2200,2090,2220,37750,809250,16300,18450,22790,57540,1690,1853600,NSW
Jan-2019,174840,35030,83460,84600,203080,45070,18200,13950,3950,4950,4140,90260,489250,37530,25070,43680,106280,1620,2217890,NSW
Feb-2019,129150,26400,49320,52500,128220,148450,12670,4900,4050,4520,9310,183900,640490,18800,23130,35750,77690,1460,1788430,NSW
Mar-2019,148280,23340,38630,46280,108260,54160,9010,660,4690,2370,1270,72150,603850,18310,22910,31000,72230,2420,1660140,NSW
Apr-2019,156970,23480,47370,57040,127890,19820,11430,4960,3480,2090,2710,44500,479140,20920,18080,28330,67330,2850,1674400,NSW
May-2019,150750,24460,42670,55040,122170,17020,9320,690,3160,2150,1920,34260,463960,18660,19560,27510,65730,1430,1587870,NSW
Jun-2019,143170,22200,40300,52660,115160,28170,8690,480,3310,2860,2540,46040,453930,18490,17350,25860,61700,2840,1562130,NSW
Jul-2019,169270,21480,48070,59940,129490,104650,12370,11640,3040,3550,8600,143840,487670,21040,15640,28790,65480,4870,2008780,NSW
Aug-2019,161080,23670,41120,54230,119020,35980,8640,740,4420,2650,2530,54960,556420,19840,20340,26760,66930,1750,1782670,NSW
Sep-2019,164330,22980,41660,55690,120330,25160,10100,610,4870,2680,1870,45300,465990,19320,26970,29280,75560,2220,1746100,NSW
Oct-2019,184260,24250,43090,65600,132940,26840,11200,5050,3450,2360,1920,50830,517310,19790,25120,33910,78820,2350,1979190,NSW
Nov-2019,155760,22470,37800,51910,112180,22270,8290,450,3490,2190,1560,38260,598520,16400,23480,30870,70750,1510,1721900,NSW
Dec-2019,174540,19190,34530,45880,99590,23780,7220,710,2290,2350,2350,38690,807570,14760,18180,26140,59080,1470,1889300,NSW
Jan-2020,174360,33030,84360,88900,206290,47490,17800,12290,4000,5550,4470,91610,516680,33630,23280,49370,106280,1670,2257280,NSW
Feb-2020,127740,24980,44870,55150,125010,87050,13080,2800,4450,3960,9970,121320,453860,15110,22490,37690,75300,1170,1568650,NSW
Mar-2020,82180,14520,20490,26180,61180,48930,5840,820,2390,1540,830,60360,198090,9060,13280,21370,43710,940,921950,NSW
Apr-2020,1100,980,1370,1410,3760,10,10,0,0,0,0,30,840,160,40,500,700,30,21170,NSW
May-2020,2240,1270,1640,1180,4080,10,10,20,0,0,0,40,770,190,20,850,1060,30,19120,NSW
Jun-2020,2670,1560,2170,1790,5520,20,20,10,0,10,0,60,1150,170,40,1400,1610,320,25120,NSW
Jul-2020,1500,870,1030,1200,3110,20,0,10,0,0,0,40,880,270,40,1050,1360,30,17260,NSW
Aug-2020,1100,860,950,860,2680,30,10,0,0,10,0,50,890,460,50,1130,1630,50,14940,NSW
Sep-2020,1170,940,1120,1020,3080,50,10,0,0,20,0,80,1010,670,60,1360,2090,220,16200,NSW
Oct-2020,2410,1320,1720,1280,4310,70,30,0,0,30,0,130,1760,1150,110,1990,3250,70,23710,NSW
Nov-2020,3650,1630,1830,1490,4960,80,20,0,0,50,0,150,1970,1220,130,2000,3350,60,29330,NSW
Dec-2020,4880,2150,2740,1860,6750,150,30,0,0,40,10,230,1980,1310,100,1750,3160,50,34670,NSW
Jan-2021,4320,1630,2750,1720,6100,210,20,10,0,30,90,360,1500,1210,100,3490,4790,100,31160,NSW
Feb-2021,4010,1730,2140,1390,5250,130,20,10,0,40,10,200,1490,1020,120,1830,2970,80,25210,NSW
Mar-2021,4990,2510,2410,1770,6690,110,20,0,0,80,10,230,1940,1280,150,2290,3720,410,31990,NSW
Apr-2021,20020,2620,2680,1780,7080,100,20,10,0,100,30,260,2460,1140,150,3370,4660,70,53910,NSW
May-2021,51260,3150,3830,2940,9920,160,60,10,0,130,30,390,3310,1480,210,3590,5280,120,114520,NSW
Jun-2021,43040,2780,3610,2730,9120,210,60,20,10,150,30,470,3410,1320,270,3810,5390,780,102480,NSW
Jul-2021,26470,2300,3320,2100,7720,300,60,10,0,120,10,520,2230,1180,250,2460,3880,300,74860,NSW
Aug-2021,4000,1690,2190,1410,5290,100,10,0,0,110,10,240,1420,960,130,3180,4270,450,27020,NSW
Sep-2021,450,1530,1670,1070,4270,30,10,10,0,70,0,120,1370,1020,80,2930,4030,360,18850,NSW
Oct-2021,710,1360,1260,820,3440,30,30,0,0,90,10,160,1320,1010,80,2840,3930,130,16630,NSW
Nov-2021,3580,5310,4700,4180,14190,190,80,0,0,360,140,780,11250,2500,150,4110,6760,160,72260,NSW
Dec-2021,8140,7200,9140,8750,25080,21850,4870,340,290,1770,70,29210,38190,3450,910,8260,12620,310,196170,NSW
Jan-2022,8810,10720,17990,13110,41820,19770,4250,1300,440,1960,290,28030,28800,7170,2800,8280,18250,280,265260,NSW
Feb-2022,9820,8910,14380,11400,34680,40000,4270,720,1020,2360,950,49310,45960,5160,4370,9160,18690,630,271280,NSW
Mar-2022,28950,10190,13940,13070,37200,17230,6150,270,2460,1830,240,28180,106650,6200,7070,15630,28910,590,374630,NSW
Apr-2022,65430,13210,20070,21580,54860,8880,7390,910,2460,1300,190,21130,142250,8620,8560,19160,36350,800,573930,NSW
May-2022,71940,16170,23430,26020,65620,12560,7600,210,2420,1590,380,24750,141800,10540,5760,23290,39590,840,650520,NSW
Jun-2022,80220,15840,21090,25970,62900,15580,7990,380,2850,1570,1110,29480,164240,9440,7310,24540,41300,710,730400,NSW
Jul-2022,108880,17990,29760,36350,84100,50220,7410,2620,2410,2010,6550,71220,165190,12720,7070,25070,44860,1820,1081610,NSW
Aug-2022,105390,21020,25160,34070,80250,22440,8440,540,5600,1800,1830,40650,207450,13050,12520,28520,54080,2720,1027700,NSW
Sep-2022,111590,18540,23240,34450,76230,15440,9200,550,7300,1890,1180,35560,218390,12810,19480,31110,63390,1350,1071520,NSW
Oct-2022,128150,16830,24610,39480,80920,11050,8370,860,5790,1610,1000,28690,262860,12950,18730,31180,62860,1160,1212850,NSW
Nov-2022,121580,17750,23560,35510,76820,15550,8300,280,6440,1550,950,33080,336190,12170,21870,37790,71830,1080,1189920,NSW
Dec-2022,121580,15840,23690,32490,72030,20570,7780,540,3800,1720,1430,35840,450870,10630,16330,32510,59470,1120,1260550,NSW
Jan-2023,134470,26440,50400,66600,143440,30250,13610,4960,4250,3080,3080,59240,242690,22610,18320,49530,90450,1230,1608010,NSW
Feb-2023,108850,20590,34480,43720,98780,110360,13120,1990,6270,3450,7380,142580,359160,13710,23080,49330,86120,1770,1375520,NSW
Mar-2023,126430,21020,32330,40710,94070,29600,12820,290,7370,2430,1130,53640,405860,13380,24450,48800,86630,2820,1344580,NSW
Apr-2023,140990,20970,36960,52970,110890,18150,12470,1910,5950,2150,2200,42830,320100,14740,18350,38770,71860,2330,1370470,NSW
May-2023,126830,20880,31070,48650,100610,22500,11160,390,6250,2440,1210,43950,307660,13680,19970,38760,72400,1590,1296710,NSW
Jun-2023,131460,20690,31070,48900,100650,29160,10970,630,5660,2570,1640,50620,319140,14090,21320,37840,73250,2450,1357680,NSW
Jul-2023,143950,19430,36730,57560,113720,100060,11500,5460,4110,3230,7280,131640,335950,16190,14630,41490,72310,6990,1743390,NSW
Aug-2023,137650,22500,30410,49550,102460,28140,10180,510,5940,2430,1570,48770,396320,16620,23570,42150,82340,2180,1544700,NSW
Sep-2023,161710,21820,30970,52580,105370,24420,9810,870,6060,2290,1640,45090,351990,16140,32110,44460,92710,1990,1602720,NSW
Oct-2023,164730,21750,34200,62790,118740,19400,10180,1610,3870,2090,1640,38790,386980,15910,30270,44810,90980,1830,1742840,NSW
Nov-2023,153290,21240,32280,51280,104790,18500,7920,270,4390,2010,1460,34550,449720,14400,29690,47750,91840,1920,1562520,NSW
Dec-2023,157590,19860,33880,46530,100270,26020,7700,770,2650,2570,1960,41670,632730,13710,21970,43260,78930,1460,1704730,NSW
Jan-2024,170830,32460,67640,90760,190860,44740,16440,8830,4080,5050,3750,82890,370220,29850,29780,72260,131890,1230,2122070,NSW
Feb-2024,142620,23800,45440,55150,124380,146980,11300,1660,3880,4730,7410,175950,570160,15400,29290,59570,104250,1130,1786650,NSW
Mar-2024,153750,22060,37940,47740,107740,27930,9040,340,3700,2430,1140,44580,530900,15290,28610,55050,98950,2080,1614830,NSW
Apr-2024,159250,22370,42420,65500,130290,23730,10940,2940,2920,2510,2910,45950,372640,19500,23760,47630,90890,1910,1634580,NSW
May-2024,146140,20020,33550,53110,106670,24270,7510,310,2460,2320,1130,38010,363700,16020,24450,42850,83330,2320,1478410,NSW
Jun-2024,141260,21110,32190,52250,105550,24800,6970,530,2400,2680,1850,39230,393690,18170,23240,39190,80610,2410,1525610,NSW
Jul-2024,162890,20490,40090,61690,122270,102670,10150,6440,1860,3630,8220,132970,398100,20410,20030,39630,80070,2630,1925260,NSW
Jan-2014,38710,8220,18550,13930,40690,8050,1700,1950,660,860,1000,14210,83670,8920,5500,5430,19860,140,409780,VIC
Feb-2014,27700,5980,13260,9920,29170,27650,2430,2630,600,1150,2400,36870,87870,4910,5120,5080,15110,100,319850,VIC
Mar-2014,32350,5730,10050,8070,23850,11640,1600,110,610,660,550,15160,91200,5080,4970,5050,15110,180,309210,VIC
Apr-2014,33480,6420,11460,10330,28210,3760,1300,800,460,440,660,7420,72720,5490,3930,3730,13150,150,318380,VIC
May-2014,29490,5700,9360,9960,25020,2520,1080,80,480,440,410,5020,74710,4220,3840,3230,11290,120,287290,VIC
Jun-2014,24760,5220,8950,9660,23830,5050,950,170,420,600,720,7920,65200,4900,3540,2760,11200,130,285740,VIC
Jul-2014,28710,5110,11010,11490,27610,21000,1390,2450,390,640,2920,28780,81370,5910,3120,3130,12160,260,400640,VIC
Aug-2014,27390,5920,10260,9920,26100,6720,1000,320,720,660,600,10020,75240,5420,4110,3490,13030,150,325810,VIC
Sep-2014,28540,5710,9710,10600,26020,3400,950,190,700,580,430,6250,70830,4820,6710,3320,14860,160,333300,VIC
Oct-2014,35430,5630,10290,12030,27950,4840,1160,950,510,510,450,8420,82300,4750,6640,4790,16180,170,377380,VIC
Nov-2014,33890,5710,8830,9780,24320,5110,990,90,480,420,620,7720,100280,4450,5570,3590,13610,110,336050,VIC
Dec-2014,33660,5240,8700,8360,22290,4660,870,110,320,480,690,7130,142350,3720,4650,3640,12010,120,352790,VIC
Jan-2015,41110,8950,19780,15430,44170,10100,2250,3700,770,960,1070,18860,83130,9330,6380,5890,21600,160,439110,VIC
Feb-2015,30120,5790,14380,9770,29950,27550,1800,1500,720,920,2390,34890,127340,4620,5050,5560,15230,330,366510,VIC
Mar-2015,38840,6990,12030,9570,28600,15360,1440,160,790,710,480,18950,111510,4750,5180,6270,16200,120,351950,VIC
Apr-2015,34430,6540,12000,10280,28820,4290,1440,870,620,460,800,8490,83610,5330,4520,3560,13400,130,334690,VIC
May-2015,30320,6230,9880,9390,25500,2320,1020,90,450,520,400,4790,76470,4650,4000,3090,11740,250,298010,VIC
Jun-2015,30180,5820,10530,9680,26040,5310,1110,210,640,560,730,8570,71250,4490,3630,3300,11420,180,309100,VIC
Jul-2015,31470,5400,12910,11240,29550,24380,1500,3140,570,690,2820,33110,78710,5220,3510,3830,12560,260,415620,VIC
Aug-2015,30080,6840,11100,10470,28420,6770,970,260,680,760,620,10050,87210,5520,4460,3840,13820,140,358930,VIC
Sep-2015,31410,6140,10580,11400,28120,3580,1220,320,590,480,800,6990,85930,5010,6320,3670,15010,180,371530,VIC
Oct-2015,38060,6210,11720,12880,30810,6590,1570,1200,630,650,740,11380,97370,5290,6390,5040,16710,210,413060,VIC
Nov-2015,34000,6070,10410,10040,26520,5640,1050,140,520,670,570,8590,120220,4980,6200,4390,15580,220,370120,VIC
Dec-2015,36890,5740,10150,9360,25250,5720,980,150,470,480,600,8390,171440,3950,4600,3770,12310,170,401740,VIC
Jan-2016,43420,8810,22750,16980,48530,11630,2530,4800,750,1130,1090,21930,101300,9110,6820,7480,23410,220,481330,VIC
Feb-2016,30430,7410,15770,10870,34050,40270,2300,1410,790,980,2920,48680,135760,4680,5960,6220,16860,430,407130,VIC
Mar-2016,35450,6690,12170,10050,28910,11530,1280,120,750,620,410,14700,129630,4770,5970,6490,17230,140,369480,VIC
Apr-2016,35240,6770,13710,13060,33540,4650,1660,1160,760,500,700,9430,99220,4910,4450,4190,13540,80,373380,VIC
May-2016,30400,6130,10590,10680,27400,2760,1180,190,680,450,440,5700,91780,4690,3830,3950,12460,150,322660,VIC
Jun-2016,29820,6110,11030,10840,27980,6580,1320,190,690,480,760,10020,90590,4720,4050,4060,12820,200,347280,VIC
Jul-2016,34150,5770,14420,13790,33990,30930,1890,4050,700,860,2820,41260,99870,6020,3610,4730,14360,230,473060,VIC
Aug-2016,31360,6970,12200,12720,31890,6220,1250,370,830,600,290,9550,102520,5350,4840,5030,15220,200,388980,VIC
Sep-2016,33750,6090,12310,13630,32030,5050,1510,510,840,640,520,9060,97460,5670,6990,5020,17690,230,413200,VIC
Oct-2016,40970,6420,12510,14300,33220,7120,1680,1220,700,610,570,11890,112760,5000,6840,6200,18040,230,438490,VIC
Nov-2016,35310,6430,11590,11060,29080,6990,1270,170,840,510,500,10280,131350,5080,6440,5020,16550,150,393470,VIC
Dec-2016,39690,6190,10960,10450,27600,6930,1120,160,540,540,750,10040,191770,3860,4540,4530,12930,310,442440,VIC
Jan-2017,43770,8250,24250,19360,51860,12880,2650,4790,790,1190,960,23270,128210,8980,7050,8220,24260,230,531300,VIC
Feb-2017,31840,8280,17750,13370,39400,49410,3180,2540,990,1180,2470,59780,124020,5400,5950,7780,19140,330,432020,VIC
Mar-2017,38770,6750,12590,10640,29990,11070,1680,140,1070,600,300,14870,136180,4480,6410,6890,17790,310,391630,VIC
Apr-2017,37640,7100,16600,14620,38320,6710,2270,1500,850,510,1180,13020,119300,5100,4350,5340,14790,220,420090,VIC
May-2017,32670,6750,12170,11880,30800,3500,1540,170,740,600,340,6880,98170,4620,4030,5120,13770,320,353010,VIC
Jun-2017,31690,6670,13140,12350,32160,7460,1700,210,860,530,640,11410,101590,5080,4260,4970,14320,80,371490,VIC
Jul-2017,32920,5800,15600,14570,35970,36800,2170,4400,830,890,2530,47630,100770,5560,3350,5610,14530,310,491160,VIC
Aug-2017,32530,6650,11590,12290,30530,7380,1770,350,1030,630,400,11560,122340,4890,4330,5270,14490,430,423360,VIC
Sep-2017,33420,6520,12110,13520,32150,5020,1820,270,790,690,460,9050,103670,4910,6690,5940,17540,330,422720,VIC
Oct-2017,37870,7450,15250,15280,37980,8090,2210,1900,880,660,590,14330,118670,5050,6750,7790,19590,200,475610,VIC
Nov-2017,39280,6100,12760,11820,30680,7120,1420,110,640,460,320,10080,141910,4030,6220,5830,16080,230,414150,VIC
Dec-2017,37340,6070,11450,10720,28240,7990,1580,190,540,540,550,11390,199960,3390,5060,5150,13600,280,449050,VIC
Jan-2018,44650,8710,26890,21600,57200,16210,3620,6460,1060,1380,1260,29980,121980,8760,6680,11450,26880,160,544980,VIC
Feb-2018,30740,6530,17350,12520,36400,50730,2800,1640,990,1010,2680,59860,163210,4560,5650,8580,18790,390,459680,VIC
Mar-2018,38030,7770,12980,12440,33200,15130,2500,190,970,740,240,19770,157110,4950,6670,9740,21360,180,436350,VIC
Apr-2018,34450,7640,16990,15240,39870,7140,2640,1850,800,630,770,13820,121660,5660,4810,8170,18650,250,438950,VIC
May-2018,30830,6340,11230,13030,30600,4260,2110,110,680,520,430,8110,109920,4250,4280,5800,14340,220,368600,VIC
Jun-2018,33300,6390,12590,12900,31880,9770,2350,220,730,660,770,14480,116780,4250,4240,6060,14560,90,404770,VIC
Jul-2018,37490,6150,17390,15220,38770,45140,2910,4620,780,1010,2320,56770,111860,5630,3310,6670,15610,280,549090,VIC
Aug-2018,34710,7320,13750,14290,35360,7870,2190,220,950,670,420,12310,131960,5250,4800,7040,17100,270,462430,VIC
Sep-2018,34740,7490,14020,15770,37290,7100,2300,240,810,790,490,11730,114470,5850,6580,7520,19950,210,471660,VIC
Oct-2018,42220,7190,15510,19820,42520,8260,2630,1820,780,640,280,14410,128390,5240,7050,9100,21390,310,524950,VIC
Nov-2018,40870,6780,13120,14320,34220,9370,1710,150,800,650,340,13020,156850,4530,6890,7260,18680,180,461280,VIC
Dec-2018,38040,6420,11320,12730,30470,9510,1670,180,560,630,620,13170,216730,3970,4850,6390,15220,270,486340,VIC
Jan-2019,45780,10300,29600,24590,64480,16730,4560,5490,1040,1360,1030,30210,132530,9280,7250,13610,30140,350,596370,VIC
Feb-2019,35560,8310,18130,16400,42840,51890,3800,1910,1120,1230,2240,62210,171250,4750,6400,11640,22780,350,500350,VIC
Mar-2019,41230,7050,13570,13020,33640,25540,2380,250,1120,760,420,30470,161550,5000,6220,9480,20710,310,458050,VIC
Apr-2019,38510,7350,17170,17440,41960,6390,2800,2020,870,550,560,13190,124020,5380,4430,7770,17580,250,455230,VIC
May-2019,33980,7220,13790,16040,37050,5030,2510,180,890,620,410,9640,128150,4560,4940,7650,17160,140,420450,VIC
Jun-2019,32190,6660,13870,15480,36010,9370,2180,190,880,780,730,14130,120940,4750,4290,6890,15940,200,424740,VIC
Jul-2019,36730,5780,16410,16850,39050,45110,3010,4020,830,1010,2440,56430,119530,4920,3730,7920,16570,360,555380,VIC
Aug-2019,35380,7200,13580,16580,37360,10510,2210,260,1240,740,580,15550,142790,4990,4720,7650,17360,180,475830,VIC
Sep-2019,35860,7350,14380,17970,39700,5780,2580,270,910,710,370,10610,116110,5180,6830,8460,20470,180,477130,VIC
Oct-2019,42570,7110,14890,18930,40930,9220,2920,1840,960,670,400,16010,130610,5080,6410,10170,21660,240,521120,VIC
Nov-2019,41260,7020,13170,15700,35890,8920,2300,170,830,720,330,13270,160880,4230,6390,8450,19070,240,474530,VIC
Dec-2019,55410,5550,11160,13630,30340,9930,2060,210,680,740,400,14010,215050,3800,4810,7750,16360,260,513090,VIC
Jan-2020,47540,9650,30120,26560,66330,16630,4410,4580,1110,1710,1030,29450,142590,8460,6670,15390,30520,480,609400,VIC
Feb-2020,36530,7920,16080,16360,40370,32380,3780,1040,1250,1110,2340,41900,112310,4010,6000,11640,21650,190,426000,VIC
Mar-2020,21590,4700,6580,7530,18810,20700,1690,370,600,410,290,24060,55820,2260,3400,6940,12600,120,255220,VIC
Apr-2020,260,300,490,410,1200,0,0,0,0,0,0,10,140,40,10,140,190,10,5630,VIC
May-2020,540,430,560,350,1340,10,0,10,0,0,0,10,160,50,0,210,270,0,5020,VIC
Jun-2020,710,430,660,460,1560,0,0,10,0,0,0,20,230,40,10,240,290,10,6050,VIC
Jul-2020,100,130,150,170,440,0,0,0,0,0,0,10,90,40,10,60,100,0,2070,VIC
Aug-2020,80,120,120,90,330,0,0,0,0,0,0,0,70,60,10,70,130,0,1500,VIC
Sep-2020,120,170,210,160,550,10,0,0,0,10,0,10,110,60,10,100,170,0,1940,VIC
Oct-2020,150,250,410,190,850,10,10,0,0,10,0,20,190,100,10,210,320,10,2960,VIC
Nov-2020,220,290,370,220,880,10,0,0,0,10,0,20,190,110,20,240,360,10,3570,VIC
Dec-2020,1240,540,660,430,1630,30,0,0,0,10,0,40,330,190,10,220,430,10,6960,VIC
Jan-2021,860,520,940,530,1990,60,0,0,0,0,0,70,270,220,20,1110,1350,20,7570,VIC
Feb-2021,840,410,630,330,1380,20,0,0,0,20,0,40,180,170,20,180,370,0,4960,VIC
Mar-2021,970,630,690,400,1720,20,0,0,0,20,0,40,280,210,30,330,580,10,6000,VIC
Apr-2021,3940,710,820,490,2020,20,0,0,0,20,0,40,470,210,30,370,620,10,10740,VIC
May-2021,8880,840,980,700,2530,30,10,0,0,20,0,60,520,280,30,510,820,20,20850,VIC
Jun-2021,3230,600,780,490,1870,30,10,0,0,40,0,80,350,160,20,250,430,10,9390,VIC
Jul-2021,6050,470,830,530,1840,80,10,0,0,40,0,130,370,220,30,350,600,10,16490,VIC
Aug-2021,950,570,770,470,1800,50,0,0,0,40,0,90,290,210,10,710,920,90,6580,VIC
Sep-2021,80,520,570,370,1460,10,0,0,0,30,0,40,180,270,20,420,710,90,4290,VIC
Oct-2021,100,410,420,240,1070,10,0,0,0,30,0,40,170,250,10,360,620,0,3400,VIC
Nov-2021,1410,1710,1670,1530,4920,80,10,0,0,130,0,230,4070,610,50,790,1440,40,22010,VIC
Dec-2021,2660,2520,3490,3300,9310,9190,1570,170,100,650,10,11680,14570,960,270,2780,4010,90,68340,VIC
Jan-2022,2940,3780,6240,5110,15130,7490,1260,580,130,620,50,10120,10700,2040,850,2930,5830,70,89260,VIC
Feb-2022,2880,3040,5260,4280,12580,16260,1180,230,310,750,350,19070,14800,1320,1390,2750,5450,80,91640,VIC
Mar-2022,7880,3350,4820,4490,12650,5360,1600,70,770,580,70,8440,30060,1590,1990,4710,8290,80,110850,VIC
Apr-2022,17980,4220,6440,7060,17730,2800,1780,240,630,420,70,5930,39880,2180,1970,6600,10750,100,164670,VIC
May-2022,18010,5290,7480,8770,21540,3300,2130,50,660,480,200,6830,39790,2840,1220,6810,10870,90,185190,VIC
Jun-2022,20230,4960,6610,8320,19890,5310,1880,140,700,520,360,8900,45910,2460,1500,7200,11160,110,208060,VIC
Jul-2022,25910,5550,9460,12150,27160,18060,1820,660,660,650,2060,23910,41520,3170,1360,6970,11490,200,306390,VIC
Aug-2022,24800,6430,7270,10530,24220,5830,2220,170,1600,550,300,10660,54870,3140,2600,7240,12980,170,280110,VIC
Sep-2022,26320,5990,7120,11630,24740,3760,2390,220,2060,560,160,9160,55270,3310,4330,8110,15750,270,300910,VIC
Oct-2022,30490,4810,7110,12440,24360,3720,2050,230,1780,550,320,8650,68710,3590,4740,9110,17440,220,323330,VIC
Nov-2022,31930,5260,6760,11050,23060,4740,2030,130,1840,580,190,9500,89220,3400,5770,10120,19290,210,329160,VIC
Dec-2022,30560,5050,7240,10560,22850,6460,1900,180,1070,570,340,10520,120140,2790,4070,9100,15970,290,338330,VIC
Jan-2023,34710,7970,15880,22000,45850,8930,3630,1440,1140,950,710,16800,65100,5840,4680,14640,25170,310,428470,VIC
Feb-2023,28450,6520,11360,15250,33140,38720,3550,740,1720,1160,2080,47970,86760,3780,5760,14530,24070,500,377470,VIC
Mar-2023,34350,6760,9980,13000,29740,9440,3750,100,2060,820,240,16420,103410,3570,5870,14710,24170,240,362090,VIC
Apr-2023,34820,6660,12090,17440,36200,5690,3400,630,1710,690,520,12640,87530,3920,4380,11170,19470,190,375150,VIC
May-2023,28940,6440,9750,15570,31760,4720,3170,110,1760,810,330,10890,90170,3460,4260,10580,18300,180,355450,VIC
Jun-2023,27700,6400,9690,15470,31560,9470,2890,270,1450,760,490,15320,86520,3650,4200,10640,18490,190,365980,VIC
Jul-2023,34150,5650,12370,17420,35440,37340,2840,1620,1110,1080,2190,46180,78710,4160,2900,11550,18600,370,481900,VIC
Aug-2023,30210,6540,9430,15650,31610,6540,2690,220,1580,730,210,11970,100250,4300,4850,11300,20440,170,417970,VIC
Sep-2023,34790,6630,10150,17700,34470,4840,2840,380,1370,700,360,10490,87460,3940,7410,11840,23180,210,447030,VIC
Oct-2023,38690,6640,11370,19390,37410,6580,2850,440,920,660,490,11940,98920,4010,8050,13200,25260,240,460940,VIC
Nov-2023,39200,6590,10130,16460,33180,6170,2160,80,1100,670,440,10620,115150,3540,7800,13070,24410,150,425860,VIC
Dec-2023,40740,5800,10210,15100,31110,8750,2170,240,610,830,590,13200,172500,3590,5470,12010,21080,390,458390,VIC
Jan-2024,46420,10040,22500,29370,61910,14120,4290,2790,1010,1590,940,24750,103890,7870,7800,22380,38050,260,590350,VIC
Feb-2024,41050,7450,15540,17880,40870,50360,3570,640,810,1380,2270,59040,151250,3970,7220,17870,29060,270,501230,VIC
Mar-2024,40790,7000,12180,15080,34250,11220,2780,110,910,710,180,15900,135090,3760,6950,17610,28320,250,428790,VIC
Apr-2024,37500,6900,14050,21300,42250,7890,2770,1000,730,900,820,14120,96890,4910,5380,13670,23960,340,438380,VIC
May-2024,31380,5840,10170,16230,32230,4230,2190,40,650,690,340,8150,97320,3660,5130,11590,20390,260,382090,VIC
Jun-2024,32450,6210,10100,16030,32350,8940,1760,140,550,920,620,12920,109210,4380,4870,10770,20020,240,414470,VIC
Jul-2024,34150,6140,13590,19630,39360,39350,2650,2110,510,1230,2480,48340,95770,4850,4230,10560,19630,310,524280,VIC
Jan-2014,50120,5280,10060,7290,22630,4240,1200,1860,980,820,870,9960,65990,9350,4330,3940,17620,160,318950,QLD
Feb-2014,36210,3010,5440,4170,12620,13350,920,540,700,650,2290,18460,76220,3750,4890,3510,12150,180,237550,QLD
Mar-2014,42300,2840,3940,3980,10760,4360,770,110,880,370,250,6730,77500,3650,4980,2820,11460,230,241400,QLD
Apr-2014,50240,3250,4980,4500,12730,1430,680,570,450,310,600,4040,61990,4720,3950,3010,11680,210,254530,QLD
May-2014,46340,2760,4160,4580,11500,1850,550,30,610,350,230,3630,57430,3440,4190,2840,10470,300,225570,QLD
Jun-2014,48230,2770,3780,4670,11220,2320,780,70,590,390,520,4670,62460,3460,4400,2370,10230,270,234330,QLD
Jul-2014,61740,3170,5040,5750,13960,9090,850,2170,580,510,2310,15530,84000,5000,3860,2840,11690,450,323230,QLD
Aug-2014,55620,2980,4210,4660,11840,2870,800,120,960,500,500,5750,87160,4270,5150,2970,12390,450,281410,QLD
Sep-2014,56940,2850,3830,4700,11380,1960,640,160,880,530,320,4490,67530,4030,6170,4170,14370,710,271930,QLD
Oct-2014,60880,3370,4440,6270,14080,2790,890,780,680,370,820,6340,76360,4040,5330,4830,14210,1430,307900,QLD
Nov-2014,42610,3020,3740,4190,10960,1350,590,50,640,350,360,3330,81340,3180,4790,3840,11810,440,250260,QLD
Dec-2014,48000,2560,3840,4610,11010,1870,660,110,480,330,700,4150,107590,2670,3220,2590,8480,170,279240,QLD
Jan-2015,48740,5310,9390,8010,22710,4490,1480,2300,910,910,1080,11170,62410,6980,4060,4360,15410,220,321680,QLD
Feb-2015,34210,2910,4510,4080,11510,11610,800,380,670,460,2420,16340,94850,3000,3590,3180,9780,190,257380,QLD
Mar-2015,45050,3070,4800,4620,12500,5410,1110,40,930,440,320,8260,82030,3420,5460,3510,12390,320,262130,QLD
Apr-2015,51620,3070,5660,5710,14440,1500,820,830,790,440,640,5030,63110,3820,4290,3370,11490,440,255420,QLD
May-2015,47300,3090,4150,4530,11780,1620,980,50,540,350,320,3860,61280,3330,4380,3410,11120,330,239720,QLD
Jun-2015,49930,3200,4270,4620,12090,1660,980,100,580,380,550,4260,66130,3400,4330,2880,10620,730,245160,QLD
Jul-2015,66360,3110,4830,6140,14080,9840,1220,2710,690,750,2720,17940,90710,4350,4330,3800,12470,1180,331510,QLD
Aug-2015,54700,3010,4270,4910,12190,2430,840,170,840,470,380,5130,87800,3250,4760,2850,10870,320,277390,QLD
Sep-2015,58920,2890,4060,5240,12190,1860,1020,160,1010,390,690,5130,79100,3240,6800,3840,13880,510,293870,QLD
Oct-2015,61640,3270,4260,6340,13870,2550,1070,840,820,370,730,6390,82990,3570,5980,4240,13790,1100,324440,QLD
Nov-2015,45520,2900,4090,4790,11790,1860,900,60,580,430,670,4490,93130,2900,4280,3800,10990,720,272080,QLD
Dec-2015,51160,2780,3630,5150,11560,2040,720,150,550,360,720,4530,118270,2270,3070,2940,8280,190,309530,QLD
Jan-2016,51690,4860,9160,8490,22510,4510,1820,2810,850,960,910,11860,77240,5390,4110,4270,13770,230,347800,QLD
Feb-2016,34990,3220,4940,4710,12860,14770,1210,350,720,730,2240,20010,101790,2690,4550,3400,10630,160,282530,QLD
Mar-2016,45090,3320,4380,4650,12340,4010,1010,50,820,430,210,6530,103220,2740,4510,3580,10830,310,282800,QLD
Apr-2016,53950,3630,4780,5480,13890,1450,1030,900,820,480,860,5540,75600,2840,4220,3410,10460,220,279120,QLD
May-2016,49730,3050,3920,5270,12240,1930,890,30,640,300,370,4150,71740,2750,4330,3490,10570,300,257200,QLD
Jun-2016,51410,3180,4100,5660,12940,2160,1160,100,790,340,370,4930,78150,2620,4340,3100,10050,480,263480,QLD
Jul-2016,67640,3020,5050,6620,14690,10630,1200,2760,590,610,1980,17760,102250,3080,3920,3800,10800,500,358310,QLD
Aug-2016,56950,3240,4190,4870,12300,2300,1000,160,1000,390,320,5170,100360,2840,4540,3230,10620,220,300580,QLD
Sep-2016,65350,2950,4340,6050,13330,2070,1440,420,1220,460,540,6140,90490,3210,6070,3690,12970,1310,322470,QLD
Oct-2016,64760,3570,4560,6950,15080,3240,1350,910,930,420,780,7640,98600,3900,5440,3790,13120,1880,347970,QLD
Nov-2016,47030,3080,3530,5400,12010,1760,1010,60,850,340,320,4330,97080,2390,4820,3070,10280,220,279540,QLD
Dec-2016,54280,2740,4210,5310,12260,2050,950,180,520,370,760,4830,125800,1760,2950,3020,7740,220,326710,QLD
Jan-2017,53800,4600,9690,8930,23220,4590,2120,3050,1220,730,820,12540,86460,4620,3640,4060,12320,290,355850,QLD
Feb-2017,39110,3480,5170,5160,13820,16330,1710,470,820,700,2220,22250,90250,2590,4610,4050,11260,230,282610,QLD
Mar-2017,45320,3140,4320,5060,12530,3620,1280,30,1190,370,370,6870,103680,2150,4930,3410,10500,490,288270,QLD
Apr-2017,56050,3470,5720,7050,16230,2100,1400,1040,1150,430,910,7030,85300,2930,3930,3700,10560,760,305350,QLD
May-2017,50930,3360,4120,5490,12970,1810,1170,70,650,380,250,4320,75540,2410,4180,3590,10190,180,268690,QLD
Jun-2017,51620,3420,4360,5790,13570,2760,1370,160,870,380,670,6210,81980,2870,4500,3790,11160,420,283020,QLD
Jul-2017,71980,3330,5630,7050,16010,12600,1540,3070,920,580,1620,20330,104950,2820,3820,3690,10330,3930,379550,QLD
Aug-2017,59670,3010,4260,6300,13570,2480,1250,220,1130,400,360,5840,107590,2370,4960,3330,10660,860,322590,QLD
Sep-2017,61230,3230,5100,6880,15210,2120,1280,320,1130,380,570,5790,90290,2380,6490,4470,13340,1340,343590,QLD
Oct-2017,69890,3230,5300,7380,15920,3350,1370,800,1030,420,470,7440,97530,2270,5590,4190,12050,420,356700,QLD
Nov-2017,47310,3190,4230,6180,13600,2780,1210,60,940,230,660,5890,103580,2040,4810,3940,10790,430,302910,QLD
Dec-2017,54490,3210,4890,5820,13920,2790,1040,240,640,440,520,5670,134380,1940,3090,3390,8420,320,346930,QLD
Jan-2018,56670,5120,9730,10090,24940,6510,2450,3600,1090,830,1130,15620,85880,4450,4590,6000,15040,260,389630,QLD
Feb-2018,37730,3230,4460,5930,13610,17070,1620,500,890,560,1960,22590,117530,1920,4170,4290,10390,320,311370,QLD
Mar-2018,48000,3570,4140,5950,13660,3760,1550,40,1160,470,220,7200,116540,2190,4900,9290,16380,320,324060,QLD
Apr-2018,53980,3680,5770,7910,17360,3970,1650,1260,1010,490,1580,9960,82530,2640,4550,7550,14750,420,318810,QLD
May-2018,51410,3020,4490,5920,13440,1970,1560,70,780,330,260,4980,82150,2320,4920,4200,11440,300,287950,QLD
Jun-2018,54560,2960,4380,6880,14220,3670,1510,90,850,420,500,7040,95270,1990,4890,4210,11090,270,309990,QLD
Jul-2018,71190,3370,5860,7780,17000,14900,1810,3120,790,680,1850,23150,118140,2330,3790,4220,10340,470,408700,QLD
Aug-2018,66810,3180,4490,7080,14750,2750,1360,170,1160,390,530,6360,121020,2230,5160,4100,11490,150,359060,QLD
Sep-2018,65810,3450,4870,6920,15230,2510,1560,160,1220,540,510,6510,96950,2520,5820,4800,13130,880,349420,QLD
Oct-2018,68050,3430,5520,8820,17780,3620,1740,1290,1050,540,450,8680,97360,2350,5560,4300,12210,1430,381890,QLD
Nov-2018,46970,2990,4090,6350,13440,2850,1380,90,870,380,370,5930,103180,2090,4720,4160,10960,600,305560,QLD
Dec-2018,53680,3150,4540,6760,14450,3000,1270,140,480,380,490,5760,142300,1930,3020,3960,8900,390,366920,QLD
Jan-2019,57860,5840,9850,12830,28520,5770,3050,3320,1090,900,900,15030,88800,4380,4140,6550,15070,420,411220,QLD
Feb-2019,39480,3480,5000,6450,14930,20460,1890,530,1080,750,1820,26530,110200,2150,4580,4620,11350,310,313720,QLD
Mar-2019,48140,3040,4760,7110,14910,4520,1640,60,1450,440,270,8390,114510,2010,4920,4840,11770,650,322850,QLD
Apr-2019,55380,3270,5080,7860,16210,2420,1770,1220,1030,440,680,7550,88680,2380,4060,4810,11260,410,323180,QLD
May-2019,57430,3660,4840,7360,15850,2490,1720,80,870,380,440,5980,83150,2030,4880,4430,11340,330,312130,QLD
Jun-2019,56570,3380,5200,7410,16000,4030,1600,90,910,560,690,7880,91540,1970,4290,4400,10650,1610,318590,QLD
Jul-2019,70870,3760,6060,8940,18760,15970,2020,3120,870,600,1640,24230,116270,2450,3700,4320,10460,2520,410700,QLD
Aug-2019,65130,3280,4390,7380,15040,2620,1510,200,1180,450,600,6560,122840,2360,4500,3980,10830,440,357020,QLD
Sep-2019,64830,3080,5310,7830,16220,2460,1730,190,1600,460,270,6710,90440,2080,5750,4390,12210,760,345060,QLD
Oct-2019,67050,3490,5160,8910,17560,3960,1830,1180,960,470,420,8820,98630,2200,4990,5550,12750,690,382780,QLD
Nov-2019,52940,3230,4360,6900,14490,2920,1580,70,970,360,300,6190,109390,1930,4460,4940,11330,330,324850,QLD
Dec-2019,54310,2870,4800,7230,14900,3420,1160,270,590,520,460,6420,147890,1710,3150,4700,9570,410,377490,QLD
Jan-2020,58030,5600,10930,13480,30010,6750,3170,3110,1160,1020,810,16020,93330,4360,3460,6880,14700,340,428180,QLD
Feb-2020,39780,3370,5180,6340,14890,11400,2130,310,1250,640,1860,17600,82370,1700,4510,5260,11470,240,286860,QLD
Mar-2020,28230,2200,2700,4630,9520,5570,1050,90,670,280,200,7860,33040,1060,2770,2930,6770,250,187900,QLD
Apr-2020,390,150,180,170,500,0,0,0,0,0,0,0,370,20,20,80,110,10,4200,QLD
May-2020,620,170,160,140,470,0,0,0,0,0,0,0,140,40,10,150,200,0,3560,QLD
Jun-2020,870,230,280,270,780,10,0,0,0,0,0,20,310,30,10,430,470,10,5570,QLD
Jul-2020,530,110,140,180,420,10,0,0,0,0,0,10,200,40,10,330,380,10,3360,QLD
Aug-2020,300,90,90,110,290,10,0,0,0,0,0,10,110,60,0,280,340,0,2320,QLD
Sep-2020,280,100,100,140,340,20,0,0,0,0,0,20,180,90,10,310,410,0,2520,QLD
Oct-2020,340,160,160,160,480,20,0,0,0,0,0,20,290,160,20,380,550,10,3440,QLD
Nov-2020,430,150,120,190,450,20,0,0,0,10,0,30,300,140,10,490,650,10,3850,QLD
Dec-2020,780,240,240,210,690,20,0,0,0,10,0,30,290,190,10,160,350,10,4460,QLD
Jan-2021,1060,190,300,230,720,30,10,0,0,0,0,40,340,170,20,460,650,10,5010,QLD
Feb-2021,930,230,200,180,600,20,0,0,0,0,0,30,280,130,10,570,710,20,4440,QLD
Mar-2021,810,250,210,240,690,10,0,0,0,20,0,40,340,150,10,350,520,30,4610,QLD
Apr-2021,5030,220,210,180,620,30,0,0,0,30,10,80,360,100,20,540,650,10,9530,QLD
May-2021,13750,400,500,430,1330,20,10,10,0,30,0,60,750,220,60,870,1140,20,24420,QLD
Jun-2021,14620,330,440,400,1160,30,10,10,0,30,0,80,900,160,90,1000,1260,490,26050,QLD
Jul-2021,8070,270,380,320,970,40,20,0,0,10,0,80,650,150,80,210,430,10,16720,QLD
Aug-2021,1400,290,370,230,890,20,10,0,0,10,0,40,470,190,20,860,1070,250,6870,QLD
Sep-2021,160,230,260,190,680,10,0,0,0,10,0,20,540,220,0,690,910,80,4270,QLD
Oct-2021,370,260,190,140,590,10,0,0,0,10,0,30,560,210,10,850,1050,20,4270,QLD
Nov-2021,390,390,330,270,990,30,0,0,0,30,10,70,650,290,10,580,880,10,5380,QLD
Dec-2021,1570,600,500,530,1630,710,220,20,10,160,0,1120,1550,330,50,860,1230,30,11690,QLD
Jan-2022,2130,1050,1170,1070,3290,1810,380,100,40,180,20,2540,2420,540,200,770,1510,40,22420,QLD
Feb-2022,2860,1180,1460,1190,3830,4730,620,160,210,270,90,6080,7830,660,690,1190,2540,90,36890,QLD
Mar-2022,8530,1380,1560,1650,4590,2250,900,90,570,310,60,4180,17520,750,1310,2540,4610,150,61620,QLD
Apr-2022,20010,2020,2800,3040,7850,1030,960,320,730,270,40,3340,22620,970,1910,3030,5910,130,101610,QLD
May-2022,25320,2390,2820,3290,8500,1260,1020,30,690,270,80,3350,23320,1200,1260,3350,5810,190,115880,QLD
Jun-2022,28530,2330,2830,3760,8920,1870,1190,100,820,280,230,4490,31670,1110,1810,3950,6870,150,139770,QLD
Jul-2022,41470,2740,3990,5110,11840,6840,1100,960,640,350,1380,11260,33600,1570,1650,3910,7130,460,200790,QLD
Aug-2022,40930,3120,3370,4940,11430,2560,1360,100,1590,280,360,6250,39480,1470,2760,4800,9020,350,195850,QLD
Sep-2022,42580,2740,3230,4900,10870,1620,1600,200,1950,360,320,6050,40300,1630,3790,5770,11180,200,207290,QLD
Oct-2022,47850,2660,3360,5580,11600,1310,1430,190,1670,330,330,5260,46110,1520,3480,5170,10170,180,223230,QLD
Nov-2022,41910,2880,3280,4960,11120,1950,1530,60,1840,230,310,5910,53730,1450,4050,6050,11560,260,216610,QLD
Dec-2022,41450,2750,3290,5030,11080,2660,1330,160,1030,300,260,5750,71700,1440,2700,5020,9160,220,241260,QLD
Jan-2023,43390,4400,7000,9700,21100,4140,2390,1640,1230,490,640,10540,35800,3020,2650,7950,13620,160,288710,QLD
Feb-2023,33060,3000,4090,5320,12410,13510,1890,260,1670,480,1490,19300,54070,1700,4280,7230,13210,220,228730,QLD
Mar-2023,40910,3290,4100,5560,12950,3780,2010,50,2060,510,210,8610,64390,1890,5080,7700,14670,430,242480,QLD
Apr-2023,49690,3120,4920,7100,15140,1990,1910,520,1600,430,510,6950,48520,1810,4200,6700,12710,190,251260,QLD
May-2023,49730,3290,4160,6280,13720,2230,1640,100,1650,360,210,6190,48890,1840,4450,6690,12980,330,245790,QLD
Jun-2023,53200,3340,4180,6930,14450,3530,1960,140,1500,480,400,8000,59820,1760,4830,6450,13040,830,271770,QLD
Jul-2023,56310,3050,4800,7980,15830,13880,1880,1650,1130,560,1690,20790,75170,2060,3040,6710,11810,3470,332640,QLD
Aug-2023,55370,3400,3750,7130,14280,2770,1760,90,1510,360,250,6740,79360,2100,4910,6690,13710,390,298760,QLD
Sep-2023,63190,3410,4020,8150,15580,2290,1430,290,1760,390,380,6540,63280,2140,6030,9580,17750,690,319410,QLD
Oct-2023,59410,3390,4370,7920,15680,2150,1520,350,1070,400,390,5880,67120,2190,5480,7270,14940,160,316350,QLD
Nov-2023,52700,3250,4350,6960,14560,2450,1280,90,1090,360,270,5530,73010,2080,5230,8210,15520,510,289200,QLD
Dec-2023,53770,3300,5020,7310,15630,3190,1300,300,690,500,280,6270,97880,1990,3870,7040,12880,270,329520,QLD
Jan-2024,55270,4860,9360,12320,26530,5170,2620,2650,1030,770,750,13000,53460,4080,4580,11490,20150,250,363550,QLD
Feb-2024,39800,3680,5810,6800,16300,17970,1700,160,1140,710,1340,23020,87100,2150,5620,9090,16860,180,304780,QLD
Mar-2024,53970,3780,5180,6960,15930,3060,1430,100,1080,470,230,6360,100230,2290,6180,9100,17580,290,332220,QLD
Apr-2024,59670,3570,5890,9570,19030,2630,1610,790,780,500,520,6840,61840,2710,5360,8380,16450,260,322600,QLD
May-2024,57600,3310,4520,7070,14900,2080,1220,60,730,410,180,4680,59290,2470,5310,7680,15460,670,287780,QLD
Jun-2024,55740,3120,4870,8650,16640,2630,1320,260,750,470,470,5910,71510,2600,5480,6330,14410,670,314600,QLD
Jul-2024,70590,3420,5620,8930,17970,13680,1640,1950,490,630,1780,20170,90660,2990,4490,6980,14470,560,392150,QLD
Jan-2014,3080,1070,4310,1900,7270,1460,340,720,90,240,490,3340,12210,1660,960,1010,3640,70,69030,SA
Feb-2014,2890,1020,3230,1660,5910,5290,380,380,60,320,590,7020,13680,720,790,900,2410,60,55660,SA
Mar-2014,2760,1010,2160,1220,4390,2540,250,20,100,140,180,3220,13430,500,650,780,1940,90,50710,SA
Apr-2014,3560,830,2370,1450,4650,850,170,150,40,100,160,1480,10900,700,520,430,1660,60,52100,SA
May-2014,3310,720,2090,1510,4330,370,170,20,30,150,80,810,8920,810,520,450,1770,70,49940,SA
Jun-2014,2030,930,1940,1560,4430,820,140,10,30,130,150,1280,8540,790,370,470,1620,70,48930,SA
Jul-2014,2170,680,2230,2000,4910,2750,150,560,40,100,670,4290,10980,820,540,520,1880,70,65950,SA
Aug-2014,2570,960,2050,1490,4510,1630,130,70,140,180,270,2420,8800,790,640,520,1940,10,57640,SA
Sep-2014,2750,890,2100,1600,4590,660,120,30,30,170,130,1150,10010,770,770,400,1930,10,55690,SA
Oct-2014,3150,800,2350,1940,5080,1170,130,210,50,100,100,1750,11260,750,650,710,2110,60,69440,SA
Nov-2014,2670,880,1850,1940,4660,680,110,10,40,90,80,1000,13250,500,640,460,1620,70,51870,SA
Dec-2014,3290,720,1880,1540,4140,670,150,20,50,90,190,1180,18940,580,600,490,1660,60,55680,SA
Jan-2015,3090,1330,3850,2320,7490,2050,290,1120,160,300,450,4380,10510,1490,900,910,3290,20,68740,SA
Feb-2015,2920,770,2630,1360,4760,4920,350,260,100,190,600,6420,16350,590,650,1050,2290,70,55740,SA
Mar-2015,2790,1020,2560,1280,4870,2930,280,60,60,180,180,3690,13240,770,610,1180,2550,40,51500,SA
Apr-2015,3860,920,2470,1510,4900,900,160,230,140,100,250,1780,10110,750,480,610,1840,30,52340,SA
May-2015,2770,710,2420,1540,4670,370,190,40,20,70,90,790,7650,480,440,680,1600,10,48490,SA
Jun-2015,1760,930,1710,1470,4110,790,150,10,40,90,130,1220,6250,680,450,430,1560,30,43640,SA
Jul-2015,2280,750,2070,1740,4560,3060,240,890,60,160,540,4950,9530,750,390,500,1630,50,66090,SA
Aug-2015,2400,1080,2290,2010,5370,1130,170,40,110,140,400,1980,9170,520,510,310,1340,40,57920,SA
Sep-2015,2640,990,1660,2100,4750,690,90,20,30,100,140,1070,9030,590,570,650,1800,30,54440,SA
Oct-2015,3310,930,2110,1910,4960,1180,140,210,50,150,170,1910,10300,520,600,510,1620,120,66510,SA
Nov-2015,2610,740,1720,1690,4150,640,210,10,20,120,110,1100,11920,730,660,820,2210,60,50720,SA
Dec-2015,2700,810,1820,1240,3870,710,80,20,50,70,130,1060,19140,440,280,350,1070,120,56170,SA
Jan-2016,3010,1070,3830,2280,7180,1860,450,1030,70,260,370,4050,9230,1160,610,940,2700,10,67750,SA
Feb-2016,2090,1130,2490,1670,5290,6400,440,490,110,220,690,8350,13470,560,540,890,1970,70,56920,SA
Mar-2016,3540,980,2150,1510,4630,2120,210,40,80,120,60,2630,14070,450,490,740,1680,90,53450,SA
Apr-2016,3450,910,2180,1450,4540,910,150,150,60,80,240,1590,9470,530,430,590,1550,50,50910,SA
May-2016,2420,900,1990,1800,4690,480,160,230,60,70,40,1030,7950,500,300,350,1160,50,50070,SA
Jun-2016,2050,700,2150,1730,4580,930,150,10,50,80,140,1360,7960,570,260,530,1360,60,50150,SA
Jul-2016,3380,850,2490,1930,5270,3880,190,950,70,130,670,5880,10450,670,350,680,1710,40,73100,SA
Aug-2016,2150,910,2180,1750,4840,910,190,70,60,90,190,1510,9770,580,470,650,1700,20,58560,SA
Sep-2016,2760,950,1940,2480,5370,1010,170,40,30,120,170,1520,10930,420,610,910,1950,50,62520,SA
Oct-2016,3430,990,2070,2470,5520,1290,170,300,90,90,150,2080,11320,600,520,680,1800,40,69840,SA
Nov-2016,2770,810,1960,1950,4720,650,160,10,50,150,70,1090,12700,460,620,640,1710,40,52930,SA
Dec-2016,3410,840,2000,1550,4390,770,160,20,30,120,210,1310,20610,360,450,590,1390,30,62580,SA
Jan-2017,2560,1140,3860,2440,7440,1900,360,1120,40,190,240,3860,13230,990,680,1310,2980,60,73930,SA
Feb-2017,2480,1240,2810,1750,5800,7870,310,520,80,250,440,9460,14250,520,590,1230,2340,40,61320,SA
Mar-2017,3380,960,1990,1630,4570,1560,140,10,20,90,120,1940,15050,380,540,1270,2190,60,54060,SA
Apr-2017,3040,750,2060,1860,4670,1070,120,280,30,60,160,1720,11350,500,380,630,1510,70,53980,SA
May-2017,2740,970,2160,1880,5010,430,170,160,30,110,50,950,8110,470,330,930,1730,30,56400,SA
Jun-2017,1670,910,1620,1610,4150,990,170,10,50,110,120,1460,9130,640,480,730,1840,30,50540,SA
Jul-2017,3000,940,1850,2270,5060,4220,340,1140,60,170,600,6530,11830,720,270,730,1730,140,76860,SA
Aug-2017,2340,810,1880,2100,4800,1550,150,70,150,110,190,2220,12130,580,380,810,1760,40,63260,SA
Sep-2017,3330,1010,1680,2250,4940,810,140,10,100,90,90,1250,14550,480,540,900,1920,60,68030,SA
Oct-2017,3560,930,2210,2210,5350,1450,180,400,50,110,80,2270,13210,580,680,1120,2370,60,72410,SA
Nov-2017,2790,790,1940,1690,4420,780,110,10,40,60,90,1080,17150,460,610,1100,2180,80,59490,SA
Dec-2017,2890,770,1790,1440,4000,890,130,20,30,70,80,1220,23920,470,360,760,1590,20,60480,SA
Jan-2018,3540,1310,4350,2920,8590,2390,390,1810,40,230,260,5120,13150,750,630,1700,3090,60,82590,SA
Feb-2018,3050,1120,2530,1700,5360,8050,290,410,80,170,430,9430,18180,440,490,1380,2310,0,65300,SA
Mar-2018,3410,1130,2360,1720,5200,1970,190,20,60,130,50,2410,17290,430,510,1500,2450,120,59730,SA
Apr-2018,3390,1040,2590,1990,5620,1260,180,370,50,90,140,2090,13140,490,360,1350,2200,40,63180,SA
May-2018,2770,1060,2240,1920,5230,600,190,50,50,140,60,1090,9910,500,430,1230,2150,70,59690,SA
Jun-2018,2920,850,1800,1700,4350,1180,160,60,40,140,130,1700,9500,430,350,1030,1810,50,54930,SA
Jul-2018,2690,780,2270,2440,5490,4610,320,1140,60,150,410,6690,11830,570,280,870,1730,50,75040,SA
Aug-2018,2260,1010,2150,2060,5220,1680,160,30,150,80,150,2250,12470,600,300,910,1820,10,65030,SA
Sep-2018,2870,1120,1890,2130,5140,1160,190,30,60,140,110,1690,12440,530,550,1060,2140,70,66340,SA
Oct-2018,3870,770,1980,2550,5300,1450,190,360,100,110,50,2260,12750,510,480,1310,2280,50,73170,SA
Nov-2018,3400,960,1970,2040,4970,760,170,30,40,90,50,1140,18230,400,480,1130,2020,50,63850,SA
Dec-2018,2570,920,1800,1730,4460,1040,120,30,30,60,80,1360,24150,340,460,950,1740,40,64640,SA
Jan-2019,2840,1290,3540,3050,7880,2530,370,1550,70,200,300,5020,14260,820,650,1780,3240,20,80290,SA
Feb-2019,3490,1080,3100,1950,6130,8120,330,370,70,170,340,9400,18840,440,420,1750,2610,30,67880,SA
Mar-2019,3350,1060,2290,1920,5270,3670,260,80,140,90,70,4310,15910,400,380,1860,2650,10,62040,SA
Apr-2019,2990,710,2510,2200,5420,1210,230,380,60,100,140,2120,13420,450,430,1440,2320,50,59670,SA
May-2019,2730,1080,2040,2340,5460,830,190,110,70,90,30,1320,11690,420,280,1370,2070,0,62480,SA
Jun-2019,2600,900,2070,2270,5240,1180,250,50,70,120,80,1740,10940,550,410,1250,2210,110,60030,SA
Jul-2019,2490,770,2260,2510,5540,4650,340,1310,70,120,330,6810,12800,510,230,1220,1960,40,78900,SA
Aug-2019,2540,970,2330,2890,6190,2230,200,90,160,130,150,2960,12820,500,500,1190,2180,30,71750,SA
Sep-2019,3360,870,2100,2790,5750,1020,250,40,90,140,50,1600,16160,460,540,1250,2240,30,72960,SA
Oct-2019,3180,910,2120,2810,5830,1750,320,500,120,80,50,2820,15690,420,580,1580,2590,70,84040,SA
Nov-2019,2740,930,2060,2250,5230,870,230,40,180,80,40,1430,17010,400,550,1330,2270,80,64100,SA
Dec-2019,2920,800,1910,1840,4550,1140,240,50,60,80,100,1660,24980,370,450,860,1680,110,68800,SA
Jan-2020,3560,1210,3680,3050,7930,2650,520,1240,90,220,230,4940,15200,720,670,2420,3820,60,81290,SA
Feb-2020,2620,970,2640,2130,5740,5610,350,220,170,220,370,6950,13770,370,620,1870,2860,30,61960,SA
Mar-2020,1530,650,1300,1200,3150,3080,150,120,30,70,70,3520,6410,240,290,980,1510,10,38070,SA
Apr-2020,10,60,60,50,170,0,0,0,0,0,0,0,30,10,0,20,30,0,960,SA
May-2020,10,50,120,50,220,0,0,0,0,0,0,0,30,0,0,30,40,0,760,SA
Jun-2020,20,50,110,80,240,0,0,0,0,0,0,0,30,10,0,30,30,0,790,SA
Jul-2020,10,30,40,30,100,0,0,0,0,0,0,0,40,20,0,20,50,0,570,SA
Aug-2020,10,20,40,20,80,0,0,0,0,0,0,0,10,10,0,20,40,0,360,SA
Sep-2020,10,30,50,40,130,0,0,0,0,0,0,0,30,30,0,10,40,0,520,SA
Oct-2020,40,60,90,50,190,0,0,0,0,0,0,10,50,50,0,70,120,0,830,SA
Nov-2020,100,60,70,50,170,0,0,0,0,0,0,10,90,50,0,70,120,0,970,SA
Dec-2020,60,80,140,70,280,0,0,0,0,0,0,10,50,40,0,40,70,0,1020,SA
Jan-2021,70,70,140,70,280,0,0,0,0,0,0,10,50,60,0,200,270,0,1260,SA
Feb-2021,80,90,100,50,240,10,0,0,0,0,0,10,40,40,10,70,110,10,920,SA
Mar-2021,50,80,120,60,260,10,0,0,0,0,0,10,60,30,0,50,90,0,940,SA
Apr-2021,200,120,90,50,250,0,0,0,0,10,0,10,30,20,0,420,460,0,1520,SA
May-2021,610,180,150,80,410,20,0,0,0,0,0,20,70,50,0,190,240,0,2470,SA
Jun-2021,750,110,120,100,340,10,0,0,0,10,0,20,80,30,0,80,110,0,2450,SA
Jul-2021,550,80,100,80,260,10,0,10,0,10,0,20,60,40,10,30,70,0,2110,SA
Aug-2021,40,100,130,60,280,0,0,0,0,10,0,10,50,40,20,60,120,0,1010,SA
Sep-2021,10,90,130,50,260,0,0,0,0,10,0,20,50,40,10,130,180,10,960,SA
Oct-2021,10,70,100,60,230,0,20,0,0,10,0,30,40,50,10,60,120,0,810,SA
Nov-2021,40,190,140,140,470,0,50,0,0,20,0,80,230,80,10,120,200,0,1930,SA
Dec-2021,160,230,690,200,1130,880,110,30,10,60,0,1080,710,100,30,380,510,20,5290,SA
Jan-2022,150,350,860,370,1590,1490,200,230,10,120,40,2100,1300,200,90,450,730,10,9270,SA
Feb-2022,180,350,870,410,1620,2690,150,100,20,130,70,3160,2230,180,130,590,910,10,12130,SA
Mar-2022,490,370,1010,460,1840,1090,230,30,70,70,20,1520,4430,170,140,810,1120,20,14960,SA
Apr-2022,1060,430,1080,680,2190,680,320,60,80,50,10,1180,5750,230,180,790,1200,20,18650,SA
May-2022,1380,580,1450,1090,3120,730,350,60,80,70,10,1300,5260,240,100,1420,1770,30,24590,SA
Jun-2022,1250,640,1250,980,2870,940,370,30,100,80,70,1600,5620,240,140,1430,1810,20,26890,SA
Jul-2022,2230,640,1440,1130,3210,2800,290,320,90,90,260,3860,5700,300,140,1160,1600,70,38420,SA
Aug-2022,1760,820,1630,1420,3870,1670,210,70,210,100,60,2330,6450,330,320,1490,2140,40,39850,SA
Sep-2022,2020,680,1400,1400,3480,850,310,20,310,110,60,1640,8060,330,450,1200,1980,20,39710,SA
Oct-2022,2660,570,1610,1450,3620,650,290,110,280,100,30,1460,9510,210,450,1300,1970,30,48850,SA
Nov-2022,2890,710,1780,1410,3900,830,310,10,290,100,20,1540,11650,320,370,1990,2680,40,45680,SA
Dec-2022,2830,610,1690,1190,3480,1270,290,30,150,70,10,1820,15930,250,270,1950,2480,50,48390,SA
Jan-2023,3210,840,2970,2240,6050,2080,590,660,140,160,140,3760,8170,480,440,3050,3970,70,61550,SA
Feb-2023,2660,840,2760,1770,5370,6750,580,300,330,210,160,8330,10880,290,530,3250,4080,30,56350,SA
Mar-2023,3530,900,2990,1750,5640,1810,470,20,270,110,70,2750,14890,300,460,3150,3930,70,58130,SA
Apr-2023,3140,700,2640,1790,5130,1010,450,120,200,110,60,1950,11160,420,340,2300,3060,60,53050,SA
May-2023,2870,900,2360,1880,5140,990,370,50,300,120,30,1860,9180,340,300,2610,3260,30,53770,SA
Jun-2023,1960,650,2010,2010,4680,1460,360,50,210,120,50,2240,8570,330,430,2020,2780,70,51790,SA
Jul-2023,2530,750,2380,2300,5430,4950,460,520,140,140,240,6460,9170,300,310,2040,2660,50,71040,SA
Aug-2023,2340,1010,2290,2180,5480,1460,380,30,210,110,30,2230,9330,470,450,1660,2580,10,63040,SA
Sep-2023,3070,930,2300,1960,5190,1100,330,30,180,120,30,1780,10840,340,590,1810,2740,140,60900,SA
Oct-2023,2940,740,2570,2670,5980,1050,400,150,160,120,30,1900,11280,310,700,2300,3300,90,73230,SA
Nov-2023,3360,760,2510,1990,5270,830,290,20,170,100,30,1450,13350,330,550,2030,2910,80,60780,SA
Dec-2023,2730,930,2990,1740,5660,1700,320,50,130,140,30,2360,17640,240,500,2160,2900,30,60340,SA
Jan-2024,3410,1150,4750,2780,8680,2790,840,1030,170,350,180,5360,11220,610,830,4030,5470,50,81710,SA
Feb-2024,2430,860,3590,2210,6670,7890,490,140,160,290,210,9170,14640,350,840,3340,4530,40,66120,SA
Mar-2024,2410,830,3330,1810,5970,1700,360,30,120,150,30,2380,14890,300,550,3320,4180,70,57530,SA
Apr-2024,3260,770,3360,2480,6610,1260,430,240,80,150,190,2370,10610,410,640,2390,3440,110,62300,SA
May-2024,2620,990,2520,2240,5750,1040,250,50,130,90,30,1590,8890,370,590,2120,3070,30,58980,SA
Jun-2024,2060,720,2540,2310,5580,1220,230,20,70,80,60,1670,9860,490,470,2150,3120,30,60040,SA
Jul-2024,2720,680,2740,2370,5790,4430,380,520,70,190,250,5840,8740,360,430,1830,2630,110,74580,SA
Jan-2014,19030,4590,13920,9810,28320,2380,1190,320,350,500,460,5210,35420,13130,5620,3310,22050,220,256440,WA
Feb-2014,12560,3360,8830,7100,19290,8240,910,440,270,460,790,11110,45340,5350,3860,2920,12130,160,179070,WA
Mar-2014,13090,2940,5960,5480,14380,1870,580,30,200,210,110,2990,46940,5030,3610,2550,11190,260,172600,WA
Apr-2014,13960,3060,7580,6230,16870,1210,660,240,280,170,360,2930,38200,6520,3160,1970,11650,360,184490,WA
May-2014,11340,2830,6850,6410,16090,620,450,10,200,180,90,1560,32190,5590,3300,1910,10790,200,156370,WA
Jun-2014,10850,2720,6130,6070,14920,1020,480,50,220,230,170,2160,33050,5970,2900,2110,10970,260,158630,WA
Jul-2014,12540,2900,6970,7670,17540,4710,1000,340,220,200,850,7320,35590,6980,3000,2210,12190,220,208820,WA
Aug-2014,12330,3130,7010,6610,16750,2600,390,80,380,360,260,4070,32160,6200,3780,2010,11980,160,179050,WA
Sep-2014,14240,2730,6500,6660,15890,820,570,30,300,200,60,1980,39770,5740,5260,2290,13280,210,192420,WA
Oct-2014,14230,3120,7180,7310,17610,1340,570,240,320,250,210,2940,41610,6400,5140,2290,13830,270,212570,WA
Nov-2014,11810,2780,5640,5930,14340,660,430,10,240,160,240,1750,48930,5060,4080,2300,11430,230,172460,WA
Dec-2014,13740,2580,5100,5160,12850,1150,590,40,270,150,290,2500,65930,3870,2830,1630,8330,120,184240,WA
Jan-2015,18200,4410,14300,10270,28980,2560,1430,270,320,500,460,5540,32280,11180,4730,2970,18880,330,247480,WA
Feb-2015,11000,2900,6640,6400,15930,7200,750,260,290,410,710,9620,50590,4210,3390,2130,9720,230,171380,WA
Mar-2015,13000,2990,5860,6230,15080,2420,660,50,400,230,130,3890,49860,4630,3840,2630,11110,140,173790,WA
Apr-2015,13390,3360,7110,7090,17560,1430,690,200,300,230,320,3170,39520,5380,3110,2350,10850,370,183000,WA
May-2015,11300,2690,6030,5750,14470,730,400,10,320,200,120,1780,32980,4490,2900,2140,9540,300,152970,WA
Jun-2015,10460,2480,5780,6240,14500,950,640,20,240,240,150,2240,34730,4370,2740,1930,9030,360,156500,WA
Jul-2015,12800,2860,7760,7920,18540,5240,1380,470,310,320,950,8680,36190,5670,2850,2540,11060,340,206510,WA
Aug-2015,12500,3260,7120,6730,17110,2060,460,60,350,250,240,3430,35850,5180,3210,2430,10820,220,179050,WA
Sep-2015,13920,2810,6180,6600,15600,990,540,30,300,200,150,2210,42180,4770,4660,2590,12020,210,185070,WA
Oct-2015,13470,2760,7000,7790,17540,1610,730,110,330,190,290,3250,41280,4500,4700,2530,11730,260,207250,WA
Nov-2015,12360,2340,5690,5650,13680,920,390,10,360,210,170,2050,56030,3420,3290,2140,8840,310,170380,WA
Dec-2015,12770,2890,4870,5410,13170,980,540,40,260,130,150,2100,72560,3420,2340,1870,7640,190,184470,WA
Jan-2016,16650,4900,14380,10680,29960,2830,1760,440,320,520,400,6270,34890,7580,4170,3150,14900,210,250790,WA
Feb-2016,11400,3680,7270,6530,17480,9290,1040,190,380,430,700,12040,58880,3540,3370,2960,9870,230,186630,WA
Mar-2016,13180,3170,5540,6380,15090,1750,750,10,390,140,70,3110,58730,3260,2960,2340,8570,320,179460,WA
Apr-2016,12540,3100,6980,6740,16830,1300,690,170,270,220,280,2930,44560,3890,2630,2420,8940,280,182030,WA
May-2016,10290,2730,6070,6430,15240,730,580,10,280,230,100,1920,41400,3310,2360,2340,8020,260,160520,WA
Jun-2016,10130,2980,5650,6170,14810,1050,740,50,300,200,250,2590,41550,3460,2460,2460,8370,210,162940,WA
Jul-2016,11920,3320,7840,8850,20010,6050,1260,360,300,400,900,9260,45850,4430,2280,2270,8980,340,224010,WA
Aug-2016,11280,2950,6810,6980,16750,2020,550,70,290,280,250,3470,42700,3580,2780,2190,8560,200,185040,WA
Sep-2016,12260,2860,5940,7020,15810,1040,860,60,390,280,210,2830,53060,3310,3950,2500,9760,380,197330,WA
Oct-2016,13100,2850,7260,8970,19080,1460,760,90,240,170,180,2900,52550,3500,3530,2860,9890,240,217050,WA
Nov-2016,10640,2770,5310,6200,14280,880,670,10,320,160,150,2200,62020,2730,2980,2700,8410,180,180150,WA
Dec-2016,12400,2420,4490,5640,12550,1130,720,60,200,130,230,2480,82000,2590,2310,2330,7220,270,199690,WA
Jan-2017,16660,4300,12910,11420,28640,2320,1810,440,340,450,350,5710,44140,5670,3120,3270,12050,230,253030,WA
Feb-2017,9780,3640,7380,8730,19750,9890,1030,280,280,440,780,12710,53970,2580,2880,3270,8730,250,186870,WA
Mar-2017,11210,2540,4820,5790,13150,1540,690,30,280,220,60,2810,60760,2290,2580,2240,7120,300,171770,WA
Apr-2017,13610,3100,6860,7890,17850,1380,730,210,240,280,270,3090,52370,3090,1980,2570,7630,240,196570,WA
May-2017,9650,2610,5620,6780,15010,770,630,30,180,240,110,1960,44870,2380,2300,2690,7370,170,164070,WA
Jun-2017,10540,2630,4550,6480,13650,980,860,70,330,230,250,2720,46400,2350,1810,2510,6670,80,165690,WA
Jul-2017,11220,3210,6610,8530,18340,6450,1000,410,190,390,650,9090,40100,3480,1700,2280,7460,330,213540,WA
Aug-2017,11260,2940,6070,7470,16470,1790,620,40,230,210,150,3040,48640,2980,2200,2190,7370,240,183800,WA
Sep-2017,12230,2450,5620,7380,15450,920,770,10,270,250,210,2440,47450,2860,3220,2740,8820,170,189540,WA
Oct-2017,13620,2800,5940,9400,18140,1520,600,150,200,280,40,2790,54550,2680,2990,2800,8470,290,222130,WA
Nov-2017,10620,2390,4590,7090,14070,880,570,20,200,180,140,1970,61900,2350,2490,2690,7540,160,176170,WA
Dec-2017,12510,2290,4460,6100,12850,1100,590,20,100,160,190,2160,83360,1840,1820,2200,5860,240,192880,WA
Jan-2018,15420,4310,11250,12410,27970,2850,1560,470,340,530,260,6030,40570,4600,2580,3990,11170,300,249150,WA
Feb-2018,10110,2930,5450,7870,16250,8680,900,100,180,450,800,11110,61250,2580,2150,3310,8040,140,183830,WA
Mar-2018,11730,3190,4650,6850,14690,1880,660,20,240,280,50,3140,65280,2260,2410,2620,7280,310,185060,WA
Apr-2018,12340,2810,5670,8030,16510,1590,770,170,200,190,130,3060,42150,2900,2170,2910,7980,220,180920,WA
May-2018,10630,3000,5540,7490,16030,870,730,50,190,220,180,2240,42360,2520,2420,2860,7790,190,172200,WA
Jun-2018,10260,2410,5250,7540,15210,1370,660,30,120,220,180,2570,46420,2440,2070,2860,7370,160,171200,WA
Jul-2018,10660,2690,6440,8850,17980,6770,950,410,130,390,680,9310,39610,2920,1630,2860,7410,300,214680,WA
Aug-2018,10590,3120,4740,7410,15270,1850,480,70,270,340,120,3140,50170,2760,2040,2510,7310,150,185330,WA
Sep-2018,11440,2970,5020,8240,16230,970,770,40,400,240,100,2520,48070,2620,3100,3020,8750,170,190450,WA
Oct-2018,12700,2810,5100,9190,17110,1360,610,160,200,280,100,2710,52010,2640,3130,3180,8950,240,210470,WA
Nov-2018,10380,2440,3590,7290,13330,780,420,50,210,180,50,1680,63770,2010,2590,2880,7470,180,179230,WA
Dec-2018,12880,2310,3730,6380,12420,1360,590,30,180,250,120,2540,83250,1920,1510,2250,5680,240,200780,WA
Jan-2019,14410,4240,8580,12640,25460,2870,1220,290,240,550,220,5400,40460,4170,2770,3850,10780,260,242850,WA
Feb-2019,10340,3190,5220,9020,17440,9440,890,220,190,500,630,11870,61790,2520,2540,3320,8380,230,187920,WA
Mar-2019,11110,2450,4010,6710,13170,1770,620,20,300,160,70,2930,59380,2020,2510,2640,7160,180,173670,WA
Apr-2019,10960,2940,4830,7990,15770,1080,650,200,370,220,140,2650,47830,2280,2210,2430,6930,140,179650,WA
May-2019,10790,2800,4680,7730,15210,700,490,50,200,210,60,1710,46330,2310,2210,2870,7390,220,170090,WA
Jun-2019,10210,2710,3890,7900,14500,1460,580,40,190,280,200,2750,48240,2080,1870,2670,6620,150,169790,WA
Jul-2019,10830,2400,5500,9560,17460,7020,890,470,150,440,760,9720,44720,2580,1740,2940,7260,260,216650,WA
Aug-2019,13560,2740,4570,8220,15540,1750,460,20,310,280,250,3080,54590,2360,2360,2800,7520,180,197540,WA
Sep-2019,10660,2780,4310,7890,14970,900,550,30,500,200,100,2280,52930,2170,3110,2870,8140,320,194340,WA
Oct-2019,12470,3030,4410,10530,17970,1510,650,170,180,240,130,2880,59190,2570,3260,2780,8610,210,222580,WA
Nov-2019,10880,2670,3790,7620,14080,1020,410,50,300,210,80,2050,68760,1920,2740,2840,7510,320,195840,WA
Dec-2019,11970,2360,3710,6730,12810,1340,540,40,130,220,40,2320,90610,1880,1900,2600,6370,230,211420,WA
Jan-2020,14320,3680,7730,13160,24570,3040,1140,340,300,550,270,5640,54850,3660,3250,4150,11060,330,260650,WA
Feb-2020,9710,3080,4430,9940,17460,7210,740,230,360,390,980,9900,54550,1880,3090,4000,8970,140,189340,WA
Mar-2020,8210,1520,1970,4040,7530,2060,310,30,140,140,30,2710,24770,1210,1650,2330,5190,160,104850,WA
Apr-2020,120,100,150,240,490,0,0,0,0,0,0,0,70,40,10,30,80,10,2430,WA
May-2020,170,80,90,130,300,0,0,0,0,0,0,0,140,40,0,60,110,0,1850,WA
Jun-2020,190,130,150,190,470,0,0,0,0,0,0,0,180,20,0,130,160,20,2350,WA
Jul-2020,160,100,120,230,460,0,0,0,0,0,0,0,110,70,0,160,230,0,2400,WA
Aug-2020,120,60,80,90,220,0,0,0,0,0,0,10,160,100,0,160,260,0,1630,WA
Sep-2020,100,90,60,90,250,0,0,0,0,0,0,0,110,90,10,70,170,10,1420,WA
Oct-2020,150,80,120,160,360,10,0,0,0,0,0,10,250,160,10,160,340,10,2190,WA
Nov-2020,270,110,100,130,350,0,0,0,0,0,0,10,250,140,10,110,250,10,2450,WA
Dec-2020,270,160,120,170,450,10,0,0,0,0,0,10,200,120,10,200,330,10,2570,WA
Jan-2021,210,120,150,170,450,10,0,0,0,0,0,20,160,200,10,250,450,10,2610,WA
Feb-2021,200,140,120,140,390,10,0,0,0,10,0,10,250,170,0,190,370,10,2240,WA
Mar-2021,290,220,160,190,570,0,0,0,0,10,0,10,300,150,10,220,380,10,2930,WA
Apr-2021,770,180,130,150,460,0,0,0,0,10,0,10,260,170,10,390,560,10,3360,WA
May-2021,2830,210,240,200,650,10,0,0,0,0,0,10,250,160,10,320,500,10,6440,WA
Jun-2021,2860,200,190,210,600,10,0,0,0,0,0,20,260,120,20,310,450,10,6480,WA
Jul-2021,2540,170,160,190,520,10,10,0,0,0,0,20,200,120,10,270,400,10,6220,WA
Aug-2021,1120,140,170,170,470,0,0,0,0,10,0,20,180,170,20,250,440,10,3940,WA
Sep-2021,100,180,130,130,440,0,0,0,0,0,0,0,160,180,10,340,540,40,2440,WA
Oct-2021,130,150,130,120,400,0,0,0,0,0,0,10,230,190,10,380,580,30,2580,WA
Nov-2021,140,320,260,250,830,10,0,0,0,20,0,30,490,270,10,420,700,10,4200,WA
Dec-2021,420,260,220,230,720,120,30,0,20,30,0,200,930,220,20,300,530,10,4840,WA
Jan-2022,170,120,110,130,360,110,40,10,30,20,0,210,530,170,30,360,560,0,2970,WA
Feb-2022,680,600,610,630,1840,1180,70,10,20,150,40,1470,1570,530,70,420,1020,20,11090,WA
Mar-2022,1930,940,1010,1350,3300,1690,250,30,100,190,30,2300,11910,790,500,1170,2470,80,31560,WA
Apr-2022,5270,1320,1680,2560,5560,690,330,40,130,160,20,1380,18950,1050,760,1670,3490,110,56300,WA
May-2022,5520,1580,1940,2980,6500,820,270,10,110,140,10,1360,17940,1210,730,2100,4020,170,62730,WA
Jun-2022,5830,1540,1840,3410,6790,1210,450,30,160,160,50,2060,20680,1210,890,2670,4770,150,74960,WA
Jul-2022,8320,2220,3140,5240,10600,4200,560,100,140,180,430,5610,19340,1730,1050,3200,5990,200,115500,WA
Aug-2022,8100,2520,2490,4950,9950,2420,480,20,350,140,280,3700,23130,1710,1940,3430,7090,190,114680,WA
Sep-2022,8440,2170,2320,4890,9380,1160,560,30,430,160,90,2430,28480,1660,2820,3920,8400,120,119410,WA
Oct-2022,9350,1880,2710,5420,10020,1160,530,60,270,120,50,2190,31640,1600,2720,3650,7970,130,135880,WA
Nov-2022,8360,1990,2580,5160,9730,1750,480,20,360,130,80,2830,43920,1560,3090,4150,8790,170,138750,WA
Dec-2022,9280,1730,2350,4410,8480,2320,640,30,250,100,20,3360,52750,1490,2260,3530,7270,180,139460,WA
Jan-2023,12570,3080,5300,9700,18080,3730,1090,170,360,340,180,5870,25150,2930,3320,5590,11840,210,189380,WA
Feb-2023,8920,2400,3730,6640,12780,9430,850,110,420,250,790,11850,37430,1700,3760,5740,11200,190,156350,WA
Mar-2023,10120,2130,3610,6140,11880,2270,800,20,450,180,40,3760,46650,2010,3960,5580,11540,200,160360,WA
Apr-2023,11590,2510,3740,7340,13590,1600,870,90,390,200,110,3260,37200,1950,2820,4660,9430,130,162750,WA
May-2023,9340,2410,3490,6770,12670,2400,780,20,340,240,70,3860,31410,2020,3620,4840,10480,250,147530,WA
Jun-2023,9680,2260,3180,6530,11970,3090,900,50,400,200,70,4720,31970,2170,3580,4440,10190,90,152460,WA
Jul-2023,9250,2160,3830,8250,14250,8410,1060,190,220,250,480,10610,26110,2470,2560,4800,9830,260,187330,WA
Aug-2023,10220,2810,3770,7240,13820,2560,680,30,440,200,170,4070,36120,2430,4280,5760,12470,290,175350,WA
Sep-2023,11930,2420,3390,7270,13080,1750,730,30,550,160,110,3330,36990,2560,5480,5770,13820,140,178630,WA
Oct-2023,12790,2470,3780,9060,15300,1820,770,100,240,220,60,3210,38320,2260,4700,5110,12070,140,197840,WA
Nov-2023,11250,2230,3370,7260,12860,2200,430,10,290,160,110,3210,48930,2390,4580,5610,12580,190,177360,WA
Dec-2023,12890,2320,3630,6380,12330,2940,610,30,190,150,30,3960,59600,2110,3100,4620,9840,160,178720,WA
Jan-2024,14000,3720,6990,12110,22820,3970,1330,440,340,400,170,6650,29620,4270,5190,8360,17820,150,236450,WA
Feb-2024,11460,2890,5210,8430,16530,11340,840,80,330,410,680,13670,54320,2490,5260,7150,14910,140,198250,WA
Mar-2024,12700,2620,4240,7050,13920,2050,630,30,270,260,30,3280,55510,2610,4690,6410,13700,90,186930,WA
Apr-2024,12830,2990,4700,9960,17650,1710,930,160,320,270,140,3530,41080,3370,3960,5890,13220,60,195940,WA
May-2024,11450,2340,3990,7270,13600,1250,540,30,170,150,50,2200,45400,2650,4920,5550,13120,160,172920,WA
Jun-2024,11250,2630,3730,7210,13570,2590,600,50,250,250,80,3830,43950,3390,4630,5120,13130,150,183080,WA
Jul-2024,12410,3050,5040,9030,17130,8660,1090,300,130,270,600,11050,35080,3720,4320,5190,13220,140,225400,WA
Jan-2014,1400,160,210,300,680,160,10,60,10,40,50,320,3380,170,130,90,390,0,13030,TAS
Feb-2014,720,80,290,330,700,1170,30,130,0,50,100,1480,3600,70,110,120,310,30,11600,TAS
Mar-2014,850,110,250,270,630,150,10,0,0,20,10,180,2570,90,130,100,320,0,8780,TAS
Apr-2014,630,90,40,240,360,110,10,0,20,30,20,190,2170,40,110,70,220,10,9280,TAS
May-2014,710,110,110,350,570,70,20,0,10,30,20,160,1320,70,70,80,220,0,10610,TAS
Jun-2014,340,50,110,360,520,130,0,0,0,20,20,170,930,90,90,70,250,0,9550,TAS
Jul-2014,620,110,120,200,440,580,20,80,0,40,90,830,950,120,40,60,210,0,13240,TAS
Aug-2014,840,110,200,190,490,190,0,0,0,20,20,240,1140,130,190,40,360,20,10860,TAS
Sep-2014,500,180,100,210,500,130,0,0,0,40,40,210,1290,50,70,90,210,0,10110,TAS
Oct-2014,700,170,150,560,890,90,30,20,0,30,10,180,2550,60,180,130,360,0,14970,TAS
Nov-2014,1390,60,180,280,530,140,10,0,0,40,40,240,4020,80,120,370,550,20,13240,TAS
Dec-2014,1150,110,60,190,360,140,20,0,0,30,0,190,6860,80,140,120,340,0,15040,TAS
Jan-2015,920,130,310,300,740,380,10,40,10,50,80,570,3670,130,120,170,420,20,12690,TAS
Feb-2015,790,90,160,180,430,1090,40,120,10,30,90,1380,5190,60,170,150,380,40,12430,TAS
Mar-2015,670,170,130,270,580,190,0,0,0,40,40,280,3290,50,80,220,340,0,10500,TAS
Apr-2015,910,160,80,250,490,170,10,20,0,30,20,260,1910,50,90,140,290,0,9510,TAS
May-2015,500,80,110,280,480,90,30,0,0,20,10,160,1530,100,50,40,190,0,8570,TAS
Jun-2015,600,170,100,220,490,140,20,10,0,30,40,230,1330,60,90,120,270,10,10170,TAS
Jul-2015,670,80,230,310,620,610,10,140,20,70,80,930,1650,110,40,130,290,0,13850,TAS
Aug-2015,620,120,150,290,550,110,10,10,0,60,0,190,1720,50,130,60,240,0,11410,TAS
Sep-2015,550,180,100,320,610,160,10,0,0,60,20,240,1860,50,100,90,250,0,11380,TAS
Oct-2015,1190,140,200,340,680,70,20,30,10,30,0,150,2240,100,210,100,410,50,15310,TAS
Nov-2015,990,140,90,260,490,80,0,0,0,50,10,150,4540,80,120,200,400,0,11980,TAS
Dec-2015,950,100,130,150,380,260,0,0,0,60,20,350,7500,110,130,210,450,0,14790,TAS
Jan-2016,990,130,220,220,570,280,20,30,0,50,20,400,4020,90,190,180,460,10,12760,TAS
Feb-2016,920,130,240,220,590,1170,10,70,0,60,120,1420,5550,170,190,80,430,0,14260,TAS
Mar-2016,1080,90,170,170,420,130,0,10,0,50,10,200,4270,80,80,40,200,20,10960,TAS
Apr-2016,790,130,130,340,600,90,10,40,0,30,10,170,2570,50,60,80,200,0,10630,TAS
May-2016,880,120,70,150,340,60,0,0,0,10,10,100,1850,90,90,130,300,0,9850,TAS
Jun-2016,540,160,120,280,560,220,10,0,0,50,30,310,2070,80,100,230,410,0,10950,TAS
Jul-2016,770,280,230,240,760,790,20,240,0,60,80,1190,2230,120,60,110,290,0,15560,TAS
Aug-2016,620,170,170,330,660,160,10,20,30,90,10,320,2260,60,70,120,260,0,12260,TAS
Sep-2016,540,260,180,320,760,160,10,0,10,50,20,260,2450,90,90,80,260,10,12800,TAS
Oct-2016,620,100,220,430,750,50,10,100,10,40,0,210,3080,110,130,160,390,0,17050,TAS
Nov-2016,870,190,250,300,740,70,0,0,10,70,10,170,5230,70,160,370,600,0,15090,TAS
Dec-2016,1110,130,110,250,480,220,20,0,10,40,10,300,8310,70,150,190,400,0,16800,TAS
Jan-2017,1030,150,260,450,860,250,70,30,30,50,30,460,5270,170,130,260,560,30,14020,TAS
Feb-2017,900,170,230,280,690,1530,50,190,30,90,80,1980,4720,110,200,120,430,10,14720,TAS
Mar-2017,950,90,100,350,540,240,0,0,10,70,20,350,4250,60,170,250,480,30,12150,TAS
Apr-2017,830,120,140,240,500,110,30,10,0,40,50,240,3360,80,120,80,270,0,11820,TAS
May-2017,740,90,200,260,560,90,10,0,0,40,30,180,2210,110,120,70,300,30,12330,TAS
Jun-2017,380,190,310,370,880,200,10,0,0,40,30,280,2570,80,80,170,320,10,13150,TAS
Jul-2017,800,120,330,370,820,1220,50,170,10,70,110,1630,3050,100,90,200,380,120,18230,TAS
Aug-2017,550,50,190,370,610,200,10,0,0,40,30,300,3550,140,60,210,400,40,14900,TAS
Sep-2017,730,120,240,320,670,330,30,0,10,80,70,520,3580,130,130,200,460,10,15060,TAS
Oct-2017,910,150,290,370,800,110,30,20,10,70,20,260,4600,160,160,240,560,20,20370,TAS
Nov-2017,1030,220,320,370,920,150,50,0,10,40,10,260,6920,60,210,450,720,0,15990,TAS
Dec-2017,980,130,250,110,490,310,10,0,10,30,10,370,11120,80,170,430,680,0,20370,TAS
Jan-2018,1260,170,340,230,740,380,60,40,10,80,50,620,5630,120,210,440,760,0,16880,TAS
Feb-2018,1070,120,240,270,640,1960,120,210,0,60,110,2460,9020,100,200,290,570,60,19650,TAS
Mar-2018,1510,180,230,350,760,480,30,0,10,60,30,610,6690,50,200,270,520,0,16370,TAS
Apr-2018,1060,180,340,350,870,240,30,40,10,50,30,400,4300,90,90,180,360,0,15100,TAS
May-2018,1150,120,290,440,840,80,20,10,10,30,30,190,3070,100,70,130,300,0,14380,TAS
Jun-2018,880,170,360,260,790,270,30,20,0,60,10,390,2950,100,150,250,510,0,14010,TAS
Jul-2018,690,90,330,500,930,1440,60,160,0,70,40,1770,2880,130,80,300,510,10,19220,TAS
Aug-2018,450,170,330,370,860,240,50,20,0,80,10,400,2880,90,80,190,370,0,14290,TAS
Sep-2018,1250,120,490,410,1020,240,60,0,0,70,30,400,3060,90,110,210,420,30,16280,TAS
Oct-2018,1240,170,410,480,1060,130,90,60,0,60,30,370,4410,100,150,510,760,10,21690,TAS
Nov-2018,1550,120,460,280,860,120,30,0,0,70,0,230,6460,80,270,830,1170,0,18320,TAS
Dec-2018,1290,120,320,300,730,340,70,0,0,50,0,470,11390,70,190,580,840,0,22190,TAS
Jan-2019,1210,180,500,360,1040,530,80,30,0,90,30,770,6200,150,190,560,900,0,18300,TAS
Feb-2019,1280,170,600,310,1080,2280,160,290,10,100,50,2880,8790,90,300,630,1010,10,20680,TAS
Mar-2019,1130,130,560,310,1000,420,70,20,20,50,0,580,6630,100,170,410,670,0,17560,TAS
Apr-2019,1490,100,450,270,820,170,120,30,0,70,20,410,4420,80,130,250,470,30,15220,TAS
May-2019,480,120,390,250,760,180,80,20,0,60,10,360,3330,100,160,400,670,0,15660,TAS
Jun-2019,670,140,380,330,850,260,90,0,20,70,0,430,3100,120,60,520,710,20,14470,TAS
Jul-2019,890,140,390,500,1030,1460,160,110,0,90,70,1900,2970,150,60,450,660,10,20200,TAS
Aug-2019,920,280,340,410,1020,210,110,10,0,60,30,420,4350,120,70,280,480,0,18140,TAS
Sep-2019,880,230,410,520,1160,220,90,0,10,50,30,400,3650,110,160,360,630,10,16850,TAS
Oct-2019,1330,100,500,560,1170,140,150,60,0,60,20,430,4610,100,160,550,810,10,21560,TAS
Nov-2019,1350,130,510,260,910,240,80,0,0,50,0,380,7140,60,240,1440,1740,10,20470,TAS
Dec-2019,1600,70,470,400,940,320,100,10,0,40,10,480,11660,60,180,610,840,40,22720,TAS
Jan-2020,800,170,690,250,1100,500,200,80,10,80,10,870,8040,120,260,610,1000,30,20650,TAS
Feb-2020,1230,160,640,460,1260,1310,190,170,10,100,110,1890,6100,90,180,440,700,10,18510,TAS
Mar-2020,990,60,450,220,730,490,60,0,0,50,0,590,2530,20,130,290,440,20,10110,TAS
Apr-2020,0,10,10,10,30,0,0,0,0,0,0,0,0,0,0,10,10,0,210,TAS
May-2020,0,10,10,10,20,0,0,10,0,0,0,10,0,0,0,10,20,0,140,TAS
Jun-2020,0,10,30,10,40,0,0,0,0,0,0,0,10,0,0,0,0,0,170,TAS
Jul-2020,10,10,10,0,20,0,0,0,0,0,0,0,10,0,0,0,0,0,140,TAS
Aug-2020,10,10,20,10,30,0,0,0,0,0,0,0,0,0,0,10,10,0,120,TAS
Sep-2020,10,0,10,0,20,0,0,0,0,0,0,0,10,10,0,0,10,0,100,TAS
Oct-2020,0,0,10,0,20,0,0,0,0,0,0,10,10,10,0,30,40,0,170,TAS
Nov-2020,30,10,30,10,40,0,0,0,0,0,0,0,10,10,0,10,20,0,230,TAS
Dec-2020,20,10,30,10,50,0,0,0,0,0,0,0,30,10,0,240,240,0,490,TAS
Jan-2021,20,10,20,10,30,0,0,0,0,0,0,10,20,10,0,290,300,0,500,TAS
Feb-2021,20,10,20,10,40,0,0,0,0,0,0,0,50,10,0,10,30,0,240,TAS
Mar-2021,30,10,20,10,40,0,0,0,0,0,0,0,10,10,0,80,100,0,300,TAS
Apr-2021,130,20,30,10,50,0,0,0,0,0,0,0,20,0,0,90,90,0,450,TAS
May-2021,350,10,50,20,80,0,0,0,0,0,0,0,30,10,0,40,50,0,910,TAS
Jun-2021,390,10,40,10,60,0,0,0,0,0,0,0,30,10,0,10,30,0,890,TAS
Jul-2021,400,10,30,10,50,0,0,0,0,0,0,10,20,10,0,40,40,0,1110,TAS
Aug-2021,40,10,20,10,40,10,0,0,0,0,0,10,20,10,0,160,160,0,450,TAS
Sep-2021,0,10,20,10,40,10,0,0,0,0,0,10,10,10,0,120,120,0,290,TAS
Oct-2021,10,10,20,10,30,0,0,0,0,0,0,0,70,10,0,270,280,0,500,TAS
Nov-2021,10,20,50,20,90,0,0,0,0,0,0,0,60,20,0,480,500,0,860,TAS
Dec-2021,80,50,190,30,260,150,40,10,0,20,0,220,300,30,10,540,580,10,2010,TAS
Jan-2022,60,60,200,50,310,260,40,20,0,50,0,370,320,70,10,80,170,10,1970,TAS
Feb-2022,60,50,240,50,340,330,60,20,0,20,0,440,460,20,30,140,180,0,2230,TAS
Mar-2022,240,50,280,50,380,130,90,10,0,20,0,250,1070,50,40,270,370,0,3280,TAS
Apr-2022,450,70,350,100,520,90,80,10,0,10,0,180,1420,40,40,230,310,0,4540,TAS
May-2022,420,110,510,130,750,60,120,0,0,30,0,220,1330,50,20,420,500,10,5970,TAS
Jun-2022,410,140,510,190,840,190,110,0,10,20,30,360,1640,50,30,560,640,0,6960,TAS
Jul-2022,780,100,540,200,840,310,90,50,0,40,40,530,1290,60,40,340,450,10,9400,TAS
Aug-2022,550,220,510,360,1090,90,100,10,10,30,10,250,1630,50,30,490,570,10,9980,TAS
Sep-2022,1040,130,430,220,780,90,90,0,0,50,0,230,1700,70,70,470,610,0,10620,TAS
Oct-2022,1620,130,550,240,910,60,80,10,0,30,0,170,2730,60,70,910,1040,20,13570,TAS
Nov-2022,1620,160,660,300,1120,130,210,0,10,30,10,400,4120,70,130,1760,1960,20,14330,TAS
Dec-2022,1580,70,640,300,1010,190,150,0,10,30,0,380,6350,60,80,1370,1510,40,15370,TAS
Jan-2023,1150,120,740,300,1150,260,130,20,0,50,20,470,3640,100,160,880,1150,30,13730,TAS
Feb-2023,1910,120,880,360,1370,830,210,80,10,60,90,1290,4940,70,130,860,1060,10,16220,TAS
Mar-2023,1930,110,980,230,1320,180,160,0,10,40,0,400,5300,120,190,870,1180,10,15090,TAS
Apr-2023,1400,150,890,230,1280,100,90,50,10,30,0,290,3030,100,90,450,630,40,12850,TAS
May-2023,950,90,890,270,1240,130,100,0,0,40,10,290,2230,60,100,620,770,0,11310,TAS
Jun-2023,760,160,830,290,1280,340,130,10,0,50,30,560,2630,80,80,860,1020,10,13830,TAS
Jul-2023,910,160,660,430,1250,510,120,100,10,30,20,800,1950,80,50,480,620,20,15860,TAS
Aug-2023,800,170,810,370,1350,140,80,10,10,70,10,330,2560,110,100,600,800,0,15870,TAS
Sep-2023,620,100,730,470,1300,90,100,0,10,40,0,240,2550,80,150,480,720,10,14290,TAS
Oct-2023,1640,260,840,470,1580,80,90,30,0,50,0,250,3330,80,170,740,990,0,20040,TAS
Nov-2023,2080,230,920,350,1510,120,50,0,10,50,20,250,4260,70,180,1910,2170,0,17440,TAS
Dec-2023,1130,180,960,140,1280,270,70,10,10,50,0,420,7060,50,190,1480,1710,0,17730,TAS
Jan-2024,1380,140,1190,280,1610,280,80,50,0,60,20,480,4660,110,130,1070,1320,0,17040,TAS
Feb-2024,1690,120,1070,210,1400,730,90,140,0,30,120,1130,6740,140,260,860,1260,30,17460,TAS
Mar-2024,2580,100,1030,250,1380,180,50,10,0,40,20,300,5740,70,220,610,900,10,17640,TAS
Apr-2024,1380,90,800,310,1210,70,30,40,20,50,0,210,2910,100,130,470,700,10,14510,TAS
May-2024,720,170,870,350,1400,70,40,10,0,50,0,170,3050,80,190,530,800,0,14770,TAS
Jun-2024,630,180,700,360,1240,110,40,0,0,40,0,190,2570,90,130,540,760,20,13060,TAS
Jul-2024,700,140,680,370,1180,460,50,110,10,30,70,720,2570,120,120,310,550,0,16510,TAS
Jan-2014,1280,580,1050,400,2020,120,30,70,10,50,30,310,2080,1290,570,450,2300,210,19440,NT
Feb-2014,780,360,810,250,1420,310,20,10,0,10,30,380,2780,540,430,300,1260,140,14180,NT
Mar-2014,660,280,620,130,1020,170,30,0,10,10,0,220,3470,590,490,330,1410,270,15000,NT
Apr-2014,900,500,420,190,1110,140,130,100,20,20,160,560,6360,1450,490,800,2730,890,19170,NT
May-2014,1050,350,510,230,1100,50,30,0,0,50,20,150,4100,560,700,430,1680,200,15300,NT
Jun-2014,1210,190,520,240,960,70,40,10,10,40,40,210,4760,780,900,400,2080,290,16660,NT
Jul-2014,1460,360,590,340,1290,490,30,50,10,80,90,750,7200,1020,890,720,2630,810,24250,NT
Aug-2014,1130,380,500,320,1200,180,20,20,30,40,30,320,6770,810,900,410,2120,510,20000,NT
Sep-2014,1030,280,460,170,910,80,40,0,0,10,0,130,5450,650,1030,490,2170,250,18510,NT
Oct-2014,1290,250,340,250,840,50,40,20,20,20,60,210,5380,750,820,500,2070,250,17880,NT
Nov-2014,800,270,400,250,920,120,20,30,20,20,10,210,5670,510,390,580,1480,240,17500,NT
Dec-2014,790,230,460,180,860,80,20,0,0,10,0,110,3000,510,290,290,1080,30,12690,NT
Jan-2015,1320,490,1240,460,2190,120,40,80,0,10,10,260,1880,1200,550,580,2320,120,20250,NT
Feb-2015,680,390,520,290,1190,390,40,10,10,10,30,490,3490,490,400,400,1280,200,13050,NT
Mar-2015,770,270,560,160,980,170,20,0,0,20,10,220,3980,490,510,320,1310,60,13230,NT
Apr-2015,1210,320,620,290,1230,180,80,20,10,60,200,550,6410,1260,460,650,2380,1280,19230,NT
May-2015,960,220,350,290,870,90,10,20,0,30,10,170,3330,530,660,310,1500,180,12940,NT
Jun-2015,930,380,390,130,890,240,140,10,0,40,30,450,8820,1370,680,530,2580,1230,20440,NT
Jul-2015,1490,350,640,210,1190,390,110,50,10,30,150,750,8210,800,550,730,2070,470,22160,NT
Aug-2015,1540,170,580,360,1110,60,30,0,20,20,10,150,5690,500,580,320,1400,220,16140,NT
Sep-2015,1100,280,310,190,780,60,10,0,0,0,30,110,4480,660,730,350,1730,400,15740,NT
Oct-2015,740,190,380,230,800,50,40,10,10,0,50,170,4800,510,490,480,1470,260,15600,NT
Nov-2015,1210,260,470,190,910,100,20,0,10,10,0,140,3690,410,460,410,1280,250,14830,NT
Dec-2015,750,180,520,80,780,100,10,0,10,10,0,140,2660,460,250,200,900,60,11440,NT
Jan-2016,1080,520,1380,510,2410,130,80,50,20,20,10,320,1690,1000,440,460,1890,40,19360,NT
Feb-2016,930,280,600,270,1150,370,40,0,20,30,80,550,3140,420,350,240,1020,110,12880,NT
Mar-2016,610,280,500,190,970,120,20,0,20,10,0,160,3670,490,270,420,1180,140,13020,NT
Apr-2016,1060,160,630,230,1030,100,40,10,0,10,80,250,5020,820,430,550,1790,1200,16950,NT
May-2016,710,310,610,140,1060,60,30,10,0,10,10,120,3410,540,540,500,1590,100,12990,NT
Jun-2016,1130,220,440,140,810,120,40,10,0,10,30,210,3700,380,640,260,1270,130,14020,NT
Jul-2016,1140,330,730,340,1400,720,150,70,30,30,180,1170,8770,980,500,730,2210,990,25110,NT
Aug-2016,830,340,570,240,1150,100,40,10,10,50,20,230,6550,700,770,480,1950,320,18240,NT
Sep-2016,1340,230,580,220,1030,70,50,0,10,0,10,150,5470,480,770,490,1740,400,17390,NT
Oct-2016,1460,300,450,360,1110,80,40,50,0,0,90,260,4520,560,500,370,1440,170,17260,NT
Nov-2016,1090,250,500,280,1030,80,50,0,0,10,0,150,3130,440,460,480,1380,140,14650,NT
Dec-2016,630,260,300,150,720,120,20,0,0,0,0,150,4490,330,260,250,840,170,13070,NT
Jan-2017,1330,550,1240,470,2260,110,60,80,10,10,10,280,2100,1050,430,320,1800,140,19570,NT
Feb-2017,840,290,700,380,1370,630,70,20,10,40,110,880,3920,500,300,640,1450,350,16180,NT
Mar-2017,850,290,370,280,940,110,40,0,10,20,10,180,3670,500,500,390,1390,240,14670,NT
Apr-2017,1420,340,520,310,1170,90,80,10,10,10,60,250,4430,740,390,450,1580,1370,18220,NT
May-2017,840,250,430,230,910,60,10,0,0,10,30,110,4640,610,550,420,1570,620,15260,NT
Jun-2017,960,320,440,230,990,90,20,0,0,20,30,160,6810,760,700,520,1980,280,16960,NT
Jul-2017,1880,290,670,590,1550,280,30,120,10,20,40,490,6280,640,550,450,1650,270,25170,NT
Aug-2017,1290,280,500,360,1140,80,10,10,10,20,0,140,5860,490,850,550,1870,320,21100,NT
Sep-2017,1210,260,640,420,1330,60,30,0,10,10,0,100,5380,540,860,670,2060,290,20280,NT
Oct-2017,1680,330,630,490,1460,60,50,40,0,40,20,200,5130,510,520,560,1590,390,23480,NT
Nov-2017,1130,380,680,450,1510,60,30,0,10,20,40,170,4500,450,400,430,1280,210,19970,NT
Dec-2017,930,300,530,180,1010,80,20,0,10,0,0,120,3270,400,270,370,1050,70,14640,NT
Jan-2018,1240,450,1120,800,2370,160,70,100,0,40,10,370,2190,830,330,690,1860,100,21440,NT
Feb-2018,480,260,610,290,1160,430,40,10,0,20,20,530,2640,390,220,580,1200,140,13080,NT
Mar-2018,1320,230,460,310,1000,110,40,0,10,30,0,200,3030,360,300,360,1020,550,12720,NT
Apr-2018,1250,190,570,310,1070,80,40,20,0,20,40,210,3070,620,460,460,1540,1200,15150,NT
May-2018,1160,220,460,380,1050,40,30,0,10,10,0,90,3470,350,390,320,1070,270,13200,NT
Jun-2018,1150,260,370,310,940,70,30,0,0,10,10,120,4470,290,440,390,1130,170,13280,NT
Jul-2018,1190,290,480,350,1110,180,20,70,0,10,40,330,5600,390,360,580,1330,1020,17720,NT
Aug-2018,990,220,430,300,960,30,30,10,0,10,0,80,6180,250,500,340,1090,250,15550,NT
Sep-2018,1020,230,240,330,800,40,10,0,10,20,10,80,4500,360,440,820,1620,350,14010,NT
Oct-2018,820,240,340,220,800,40,20,30,0,10,0,100,3720,340,240,390,960,100,13410,NT
Nov-2018,640,290,320,250,860,90,30,0,10,0,0,140,4210,220,300,360,880,240,12960,NT
Dec-2018,630,200,420,310,930,80,30,0,10,10,0,130,4360,170,180,220,570,70,12350,NT
Jan-2019,980,370,1100,650,2120,140,100,50,10,20,10,330,2080,560,200,470,1240,100,17530,NT
Feb-2019,390,300,700,430,1430,420,50,10,10,40,20,540,3700,260,320,460,1050,40,13600,NT
Mar-2019,620,160,550,220,920,140,20,10,10,20,30,220,3140,200,320,430,950,590,12000,NT
Apr-2019,590,220,500,360,1080,60,50,20,0,0,10,130,3510,310,380,1040,1730,1510,15360,NT
May-2019,620,120,540,390,1050,40,40,0,10,10,10,120,4130,240,480,580,1300,300,13580,NT
Jun-2019,1180,200,350,370,930,60,50,0,10,10,0,130,4900,180,460,410,1040,150,14520,NT
Jul-2019,1480,220,500,560,1290,250,80,40,10,20,10,410,5880,220,480,560,1260,980,19790,NT
Aug-2019,1190,190,440,250,890,110,20,10,20,0,0,160,6480,100,590,450,1140,280,17210,NT
Sep-2019,1250,200,380,230,820,50,50,10,10,0,10,120,5650,140,510,1050,1700,390,16970,NT
Oct-2019,870,180,310,320,820,70,40,40,0,10,0,160,5410,250,290,630,1170,230,16580,NT
Nov-2019,680,160,470,290,910,90,50,0,20,0,10,170,3040,160,290,460,900,180,11920,NT
Dec-2019,550,190,390,240,810,110,40,10,10,10,20,180,3660,130,130,340,600,50,11550,NT
Jan-2020,830,300,1030,600,1930,170,180,60,0,30,0,440,2640,390,260,660,1310,50,17330,NT
Feb-2020,530,240,620,470,1340,320,70,10,10,10,40,450,2980,180,340,600,1110,30,12380,NT
Mar-2020,540,180,330,170,680,150,20,0,0,10,0,190,960,70,120,250,430,110,6950,NT
Apr-2020,10,10,10,10,20,0,0,0,0,0,0,0,0,0,0,0,10,0,150,NT
May-2020,20,10,20,0,40,0,0,0,0,0,0,0,0,20,0,40,60,0,180,NT
Jun-2020,20,10,20,10,40,0,0,0,0,0,0,0,10,10,0,30,30,240,410,NT
Jul-2020,20,0,0,10,10,0,0,0,0,0,0,0,10,0,0,20,20,0,120,NT
Aug-2020,10,10,0,10,10,0,0,0,0,0,0,0,10,0,0,10,20,20,140,NT
Sep-2020,10,10,10,10,20,0,0,0,0,0,0,0,10,10,0,120,130,150,390,NT
Oct-2020,20,10,10,10,30,0,0,0,0,0,0,0,10,20,0,40,50,10,160,NT
Nov-2020,30,10,30,10,40,0,0,0,0,0,0,0,20,0,0,30,30,0,220,NT
Dec-2020,40,10,10,0,20,0,0,0,0,0,0,0,10,10,0,20,20,0,150,NT
Jan-2021,20,20,30,10,60,0,0,0,0,0,30,30,10,20,0,40,70,20,310,NT
Feb-2021,40,10,10,0,20,0,0,0,0,0,0,0,10,10,0,30,40,0,180,NT
Mar-2021,30,10,20,10,40,0,0,0,0,0,0,0,20,10,0,50,60,280,530,NT
Apr-2021,80,10,10,10,30,0,0,0,0,0,0,0,10,10,0,70,80,0,270,NT
May-2021,190,20,20,0,40,0,0,0,0,0,0,0,70,10,0,40,50,10,510,NT
Jun-2021,190,10,20,10,40,0,0,0,0,0,0,0,20,10,0,50,70,120,580,NT
Jul-2021,190,10,20,10,40,0,0,0,0,0,0,0,20,20,0,30,60,160,630,NT
Aug-2021,60,30,70,40,130,0,0,0,0,0,10,10,40,20,0,300,310,20,880,NT
Sep-2021,20,30,70,30,130,0,0,0,0,0,0,0,230,10,0,470,480,100,1200,NT
Oct-2021,20,40,70,30,140,0,0,0,0,0,0,0,20,20,0,170,190,60,700,NT
Nov-2021,50,40,60,40,140,0,0,0,0,0,0,10,50,40,0,200,240,30,790,NT
Dec-2021,30,50,110,20,180,90,40,0,0,10,0,150,190,50,10,90,140,20,1020,NT
Jan-2022,60,60,150,50,270,90,30,10,0,10,0,130,180,50,30,140,220,20,1470,NT
Feb-2022,50,60,150,50,270,100,20,0,0,20,0,150,270,50,40,440,530,190,1890,NT
Mar-2022,100,50,160,50,250,80,30,0,0,10,0,130,390,40,40,210,290,50,1750,NT
Apr-2022,300,60,180,80,310,50,40,0,0,10,10,100,710,80,80,250,420,240,3110,NT
May-2022,440,120,260,210,590,70,70,0,0,0,10,160,1140,90,90,560,730,60,5030,NT
Jun-2022,540,80,200,90,380,50,30,0,0,0,0,90,980,70,70,340,470,50,4060,NT
Jul-2022,740,180,380,210,770,100,50,20,0,10,10,200,1810,120,200,510,840,240,8680,NT
Aug-2022,670,100,320,220,630,210,20,0,10,10,0,250,2680,140,220,740,1100,1470,10130,NT
Sep-2022,580,150,290,200,650,80,40,0,0,10,20,160,2070,80,300,700,1080,280,8680,NT
Oct-2022,660,150,340,230,720,50,40,0,10,0,0,100,1410,150,170,650,970,90,8390,NT
Nov-2022,560,110,420,200,730,110,50,10,10,10,0,190,1790,110,240,560,910,30,9140,NT
Dec-2022,510,100,460,140,710,120,50,10,10,10,0,190,1960,100,100,320,530,10,7120,NT
Jan-2023,790,210,790,340,1350,120,120,20,20,20,10,310,1220,160,120,580,860,60,11670,NT
Feb-2023,280,190,580,330,1100,440,70,20,10,30,10,570,1670,170,220,540,930,220,9370,NT
Mar-2023,530,120,570,200,880,400,50,0,10,20,0,480,1790,180,240,790,1200,1100,9350,NT
Apr-2023,530,130,420,190,740,70,70,10,0,10,0,180,1750,100,190,580,870,1040,9810,NT
May-2023,710,160,380,260,800,90,40,0,10,10,20,170,2070,170,290,600,1060,230,9350,NT
Jun-2023,1050,110,470,210,790,270,60,0,10,10,0,360,2560,140,310,510,960,460,10100,NT
Jul-2023,710,140,410,270,830,450,50,20,0,20,10,540,2770,150,210,680,1040,1000,12230,NT
Aug-2023,900,170,390,190,750,100,30,0,20,10,0,160,2610,160,370,650,1170,460,10860,NT
Sep-2023,410,130,340,260,730,90,40,0,0,10,10,140,2520,110,380,710,1200,390,10040,NT
Oct-2023,780,70,330,170,570,140,30,10,10,20,0,200,2400,130,180,640,940,50,10140,NT
Nov-2023,450,150,470,280,900,180,50,0,20,10,0,270,1820,140,220,630,990,100,9130,NT
Dec-2023,390,120,430,170,720,170,40,0,0,10,0,220,1990,190,160,480,830,40,8370,NT
Jan-2024,830,250,860,450,1560,150,110,10,10,20,0,300,1310,230,210,790,1230,80,12740,NT
Feb-2024,410,190,820,240,1240,410,60,10,10,20,0,520,2000,190,270,850,1310,30,9970,NT
Mar-2024,440,130,550,240,920,220,30,0,0,10,0,260,1430,190,340,920,1460,890,10120,NT
Apr-2024,750,170,500,250,920,70,60,10,10,10,0,150,2370,210,300,730,1240,530,11080,NT
May-2024,830,80,630,280,1000,50,30,0,0,10,0,90,2100,150,340,680,1180,510,11210,NT
Jun-2024,850,180,390,280,850,90,30,0,10,20,0,150,2780,190,360,790,1340,500,11270,NT
Jul-2024,1190,130,400,190,720,240,20,30,0,10,10,310,3590,230,270,970,1460,920,13860,NT
